OBJECTID *,FID,prefire,postfire,centroid_l,Shape_Leng,Shape_Area,random_sor,Change_in,OBJECTID_1,MEAN,mortality_qualitative,
1,0,25_75,1_25,"34.6906319327479, -119.658994826856",799.998438,14400.0139,0.346516,Low Mortality,1,1962.837057,High,
4,3,25_75,25_75,"34.6904370967104, -119.589034421761",410.000419,4350.003347,0.665683,No Change,4,1896.20807,None,
5,4,1_25,1_25,"34.6904392028777, -119.587874897731",939.999446,13925.00502,0.43555,No Change,5,1782.884276,None,
6,5,25_75,25_75,"34.6914077055633, -119.586840952132",1559.999775,22949.99937,0.326492,No Change,6,1732.725116,None,
7,6,25_75,1_25,"34.6909586632101, -119.661205024263",730.000735,16374.99745,0.716125,Low Mortality,7,1966.613299,Moderate,
9,8,1_25,1_25,"34.6896186748571, -119.659136635012",700.000333,12149.99165,0.795818,No Change,9,1964.267268,Low,
10,9,25_75,25_75,"34.689591992461, -119.586857738119",420.00012,5349.998639,0.105417,No Change,10,1812.610886,Moderate,
11,10,25_75,25_75,"34.7044889375906, -119.784339503737",1070.002351,17125.01083,0.24664,No Change,11,1710.628009,None,
12,11,25_75,25_75,"34.712638794701, -119.811424340329",529.999525,7699.993627,0.785127,No Change,12,1984.207199,None,
13,12,25_75,25_75,"34.7083015943567, -119.792749359305",729.999135,13275.00671,0.493498,No Change,13,1797.030802,None,
14,13,25_75,1_25,"34.7097496318246, -119.790161167142",519.999525,9225.004193,0.400691,Low Mortality,14,1758.403682,Moderate,
15,14,25_75,25_75,"34.7083283686221, -119.79014328394",789.999638,12124.99629,0.978724,No Change,15,1757.682327,None,
16,15,1_25,1_25,"34.7196483427336, -119.78640511429",1270.000061,18825.00854,0.859376,No Change,16,1630.083592,None,
17,16,25_75,25_75,"34.709313202152, -119.784254048407",460.000722,6950.00966,0.768863,No Change,17,1760.651469,None,
18,17,75_100,75_100,"34.7094907716251, -119.787603520439",1060.000051,16150.00877,0.344595,No Change,18,1789.835816,None,
19,18,25_75,25_75,"34.7097669889079, -119.789318371543",1020.000449,18850.00962,0.257014,No Change,19,1752.213296,Moderate,
20,19,75_100,75_100,"34.7138685557683, -119.808914331384",520.001125,8100.006269,0.652975,No Change,20,1950.471185,None,
21,20,25_75,25_75,"34.7137180580431, -119.811529116573",2204.449998,44384.50422,0.215187,No Change,21,1962.986573,Low,
22,21,75_100,25_75,"34.7160880727969, -119.800304824202",1159.999655,23400.00971,0.942106,Low Mortality,22,1815.832553,Moderate,
23,22,25_75,25_75,"34.717076864003, -119.80757645034",840.00064,8700.00551,0.86933,No Change,23,1895.930877,Low,
24,23,25_75,25_75,"34.7089773252003, -119.790342469127",750.000036,12475.00797,0.148759,No Change,24,1763.160244,Moderate,
25,24,25_75,25_75,"34.7113825565512, -119.798460139917",850.00064,14874.9935,0.79077,No Change,25,1836.203748,None,
26,25,25_75,25_75,"34.711772455049, -119.793779424587",1680.00078,48600.01655,0.542968,No Change,26,1803.110285,Moderate,
27,26,25_75,25_75,"34.7133036666947, -119.804092128063",1070.000651,24225.0111,0.064048,No Change,27,1901.614434,None,
28,27,25_75,25_75,"34.7105434729754, -119.791015146467",1219.998258,22525.00464,0.672776,No Change,28,1760.538702,Moderate,
29,28,25_75,25_75,"34.7138776836986, -119.806102948212",1219.999958,44075.01375,0.84212,No Change,29,1916.101792,Moderate,
30,29,25_75,25_75,"34.7155206398367, -119.807632978899",1350.000664,24225.01135,0.858804,No Change,30,1946.367764,Low,
31,30,25_75,25_75,"34.7169035966888, -119.809723088419",2110.001401,81250.02044,0.250382,No Change,31,1943.536418,Low,
32,31,75_100,75_100,"34.7099148743786, -119.78285576808",1640.002278,32900.00599,0.4062,No Change,32,1766.729314,Low,
33,32,25_75,25_75,"34.7131352048935, -119.786475277406",550.000726,10425.00282,0.020995,No Change,33,1802.319891,Moderate,
34,33,75_100,25_75,"34.7130594377322, -119.799980613668",1019.999049,22375.00173,0.636372,Low Mortality,34,1854.644464,Moderate,
35,34,25_75,25_75,"34.7104719467186, -119.780172772934",539.998826,5250.001756,0.687973,No Change,35,1746.015694,None,
36,35,75_100,75_100,"34.7086620793304, -119.80347732048",640.00013,10925.00987,0.038522,No Change,36,1842.678657,None,
37,36,75_100,25_75,"34.7088017073464, -119.791769609263",950.000445,14650.00246,0.209942,Low Mortality,37,1770.388933,Moderate,
38,37,25_75,25_75,"34.7069964752943, -119.781488232149",729.999535,15950.00158,0.061858,No Change,38,1737.128089,Moderate,
39,38,25_75,25_75,"34.7157850879184, -119.803002432168",1114.668385,16753.31761,0.613112,No Change,39,1857.958081,None,
40,39,25_75,25_75,"34.7096143477002, -119.79397758648",710.000034,10675.00618,0.00547,No Change,40,1809.217756,Low,
41,40,25_75,25_75,"34.7140970883386, -119.800826303117",810.000839,19175.00899,0.476038,No Change,41,1861.444599,Moderate,
42,41,75_100,25_75,"34.7176870189275, -119.802672180937",629.99983,11450.00467,0.835454,Low Mortality,42,1817.350326,Moderate,
43,42,25_75,25_75,"34.7087888703703, -119.785778882177",669.999132,13600.00507,0.747531,No Change,43,1797.68189,None,
44,43,75_100,75_100,"34.7133193423257, -119.788154924831",380.000018,4524.99543,0.195032,No Change,44,1791.780046,None,
45,44,25_75,25_75,"34.7122445810333, -119.78937432422",2049.998898,45025.00445,0.851519,No Change,45,1725.575655,Low,
46,45,75_100,75_100,"34.7170175306655, -119.791545749032",1019.999749,18050.00261,0.751689,No Change,46,1647.078406,None,
47,46,25_75,25_75,"34.7154086383282, -119.791247663237",380.000518,4350.000413,0.943206,No Change,47,1671.201546,None,
48,47,75_100,75_100,"34.7045293727719, -119.788746764465",559.999827,6650.006165,0.979728,No Change,48,1693.355779,None,
49,48,75_100,75_100,"34.7141442775157, -119.792610708714",1120.000054,32550.00992,0.982655,No Change,49,1718.019326,None,
50,49,75_100,25_75,"34.715669645075, -119.799205069538",839.99964,17425.00882,0.12087,Low Mortality,50,1807.814969,Moderate,
51,50,25_75,25_75,"34.7184248427762, -119.797449255642",470.000622,7850.011164,0.772856,No Change,51,1747.150121,None,
52,51,25_75,25_75,"34.7060234163645, -119.792102626732",680.000532,12800.00705,0.470889,No Change,52,1759.355926,Low,
53,52,75_100,75_100,"34.707053506181, -119.791566069778",729.999835,14425.00497,0.559305,No Change,53,1750.606029,None,
54,53,75_100,75_100,"34.7090176206194, -119.788583683041",1560.000374,28799.99338,0.446043,No Change,54,1761.445387,None,
55,54,75_100,25_75,"34.7136272738535, -119.793937362716",790.002638,11150.00034,0.360943,Low Mortality,55,1737.54896,Moderate,
56,55,25_75,25_75,"34.7171521019914, -119.798436313854",1900.001291,36925.00414,0.539232,No Change,56,1780.101167,Moderate,
57,56,75_100,75_100,"34.7116613080261, -119.790793230949",569.999727,9550.00324,0.780936,No Change,57,1745.667378,Low,
58,57,1_25,1_25,"34.7059188709391, -119.780859285126",580.001028,11550.00506,0.036751,No Change,58,1749.585495,None,
59,58,75_100,25_75,"34.7125974010956, -119.79167855442",1170.001056,19774.9944,0.888748,Low Mortality,59,1739.995103,Moderate,
60,59,1_25,1_25,"34.7055312263765, -119.782318489465",619.999329,6550.011522,0.571396,No Change,60,1743.945641,None,
61,60,25_75,25_75,"34.7184371907026, -119.801656491234",810.000739,7275.007803,0.382527,No Change,61,1792.109573,None,
62,61,25_75,25_75,"34.7189821530346, -119.79606512609",720.001034,17225.00019,0.26159,No Change,62,1701.314145,None,
63,62,25_75,25_75,"34.7080594227795, -119.791062061793",739.998435,7100.005424,0.421634,No Change,63,1750.957076,Low,
64,63,75_100,75_100,"34.7129578787228, -119.790894033519",989.998847,26125.0109,0.654702,No Change,64,1725.408391,None,
65,64,75_100,75_100,"34.7188379337254, -119.799311920403",1201.076771,18866.26274,0.332211,No Change,65,1748.137444,None,
66,65,25_75,25_75,"34.7168014886732, -119.785299278073",990.000347,30325.01385,0.176835,No Change,66,1733.534241,None,
67,66,25_75,25_75,"34.7112262695948, -119.804273024938",910.000543,14100.01244,0.889025,No Change,67,1872.335362,None,
68,67,75_100,75_100,"34.7136454337276, -119.802478813711",770.001437,11400.00173,0.670793,No Change,68,1877.140913,None,
69,68,25_75,25_75,"34.7082608285072, -119.795052986219",1630.001978,45975.01339,0.296402,No Change,69,1820.054079,Low,
70,69,25_75,25_75,"34.7125152207983, -119.802374721214",1240.000359,30450.01964,0.449676,No Change,70,1882.148934,Low,
71,70,75_100,75_100,"34.7096254414578, -119.796741758473",600.001029,10700.00062,0.038,No Change,71,1819.379002,None,
72,71,25_75,25_75,"34.7095808527267, -119.795333459573",840.00074,23175.0114,0.213162,No Change,72,1813.849267,Low,
73,72,25_75,25_75,"34.7096926055339, -119.792563291343",1090.000552,25725.01261,0.39492,No Change,73,1794.282248,None,
74,73,25_75,25_75,"34.7097981684324, -119.798761494894",1740.000283,55850.02167,0.199055,No Change,74,1833.149149,Moderate,
75,74,75_100,25_75,"34.7098256712362, -119.780492488986",719.999134,14250.00415,0.943659,Low Mortality,75,1752.886016,Moderate,
76,75,25_75,25_75,"34.7100472367099, -119.803727035652",619.99993,13500.00445,0.319915,No Change,76,1866.704825,Low,
77,76,75_100,25_75,"34.7110897532097, -119.802203501535",1000.000848,21750.00217,0.514727,Low Mortality,77,1859.916018,Low,
78,77,75_100,75_100,"34.7107475587055, -119.804510646129",889.999842,10400.00749,0.346606,No Change,78,1876.957887,None,
79,78,25_75,25_75,"34.7119606133527, -119.806986879129",840.00164,11674.99349,0.615572,No Change,79,1908.248697,None,
80,79,25_75,25_75,"34.7099894234222, -119.801223974344",1719.998582,33925.00599,0.640543,No Change,80,1839.871411,Low,
81,80,1_25,0,"34.7004322336454, -119.576807169507",1210.000058,15975.01177,0.82282,Complete Mortality,81,1462.263862,High,
83,82,25_75,25_75,"34.7414918028953, -119.629108778281",479.998223,6300.006099,0.989841,No Change,83,1425.684152,Low,
84,83,25_75,0,"34.702400415386, -119.59238171611",850.001141,10425.00349,0.000786,Complete Mortality,84,1713.88737,High,
85,84,25_75,25_75,"34.7042894964087, -119.626563812267",610.000429,13049.99063,0.365146,No Change,85,1712.301157,None,
86,85,25_75,25_75,"34.7011316595283, -119.592696859843",989.998947,13400.00533,0.077942,No Change,86,1726.176136,None,
87,86,1_25,1_25,"34.7078332689712, -119.592821998061",1130.000754,22224.9895,0.987924,No Change,87,1577.070257,High,
88,87,25_75,1_25,"34.7069734086913, -119.606196677034",750.00014,14149.9994,0.751058,Low Mortality,88,1727.517381,High,
89,88,1_25,1_25,"34.6972447499593, -119.656971567917",1069.999551,36900.01754,0.995325,No Change,89,1976.706001,High,
90,89,25_75,1_25,"34.7003623831211, -119.656621051874",1920.765085,64313.28171,0.055468,Low Mortality,90,1873.20396,Moderate,
91,90,25_75,1_25,"34.7033051695134, -119.673538406408",650.000631,14549.99931,0.586242,Low Mortality,91,1782.155805,High,
92,91,75_100,25_75,"34.7007681333512, -119.676171725219",1549.999474,25399.98525,0.322496,Low Mortality,92,1792.140642,Moderate,
93,92,75_100,1_25,"34.7043374510432, -119.668146336549",934.417114,19555.03966,0.055829,High Mortality,93,1697.602026,Low,
94,93,75_100,1_25,"34.7053235679971, -119.660324057288",1150.000855,19150.00996,0.797773,High Mortality,94,1682.52236,High,
95,94,25_75,1_25,"34.704594336893, -119.665987266259",1130.000554,24750.00636,0.766386,Low Mortality,95,1690.544231,High,
96,95,25_75,1_25,"34.706453623007, -119.641625664661",680.000132,12750.00364,0.924666,Low Mortality,96,1619.548212,High,
97,96,25_75,25_75,"34.7071188967201, -119.6368199926",479.999523,8449.999809,0.204136,No Change,97,1584.860401,High,
98,97,75_100,1_25,"34.7082865264837, -119.668349904152",549.999026,7349.997448,0.199901,High Mortality,98,1604.167992,High,
99,98,1_25,1_25,"34.7079748943247, -119.687543310614",679.999832,16500.00623,0.449829,No Change,99,1825.471621,None,
100,99,75_100,0,"34.7091631539618, -119.673590467558",1060.00045,21924.99326,0.398234,Complete Mortality,100,1709.868414,High,
101,100,75_100,0,"34.710533221395, -119.654231022065",1300.000162,20800.00459,0.331966,Complete Mortality,101,1744.441016,High,
102,101,25_75,25_75,"34.7110207180289, -119.646258542438",470.000823,8050.005265,0.160886,No Change,102,1566.102432,Low,
103,102,75_100,1_25,"34.7097742688075, -119.64249918179",1129.999554,11750.00587,0.025104,High Mortality,103,1579.881675,High,
104,103,75_100,0,"34.7142711352481, -119.688344072034",510.000424,10374.99624,0.358534,Complete Mortality,104,1719.409183,High,
105,104,75_100,1_25,"34.71276424396, -119.684095172176",2930.001439,75950.02227,0.786911,High Mortality,105,1687.643821,High,
106,105,75_100,1_25,"34.7145028798904, -119.670569287015",1339.998964,23225.01438,0.148053,High Mortality,106,1523.835369,High,
107,106,25_75,0,"34.7150164031357, -119.689097947925",470.000822,5374.998429,0.981333,Complete Mortality,107,1699.708333,High,
108,107,75_100,1_25,"34.7084433043434, -119.67763345965",3841.472658,134081.0502,0.157098,High Mortality,108,1703.153908,High,
109,108,25_75,0,"34.6983763834748, -119.656123511502",1032.788478,18931.61047,0.740982,Complete Mortality,109,1995.474823,High,
110,109,25_75,1_25,"34.7078926626923, -119.658066229917",760.000436,17150.00246,0.842418,Low Mortality,110,1711.896741,Moderate,
111,110,75_100,1_25,"34.7114111650218, -119.647333121859",549.998826,8174.998154,0.328777,High Mortality,111,1569.102949,Moderate,
112,111,25_75,1_25,"34.709708506337, -119.678743731887",1509.999272,55300.01787,0.066713,Low Mortality,112,1667.665577,High,
113,112,75_100,0,"34.7116287012205, -119.654401742897",920.001244,25350.01055,0.356802,Complete Mortality,113,1678.710123,High,
114,113,75_100,1_25,"34.7067990562291, -119.66011436051",4217.381412,118729.5561,0.644263,High Mortality,114,1661.393318,High,
115,114,75_100,25_75,"34.7148297106676, -119.681332787401",1429.999568,24550.01484,0.464003,Low Mortality,115,1577.136654,Moderate,
116,115,25_75,1_25,"34.7150646680842, -119.675955215644",1360.000465,27275.00258,0.130942,Low Mortality,116,1546.063101,Moderate,
118,117,25_75,25_75,"34.7019220522435, -119.703510031106",889.999142,16850.00446,0.197798,No Change,118,1503.505126,None,
119,118,25_75,25_75,"34.7083279031561, -119.672526564389",1220.415305,17617.2244,0.185152,No Change,119,1694.826436,Moderate,
120,119,1_25,1_25,"34.7127814013278, -119.647234430937",1420.001868,21325.01618,0.305851,No Change,120,1521.060616,None,
121,120,25_75,1_25,"34.7120944429545, -119.676254179598",1440.000169,41900.0113,0.915574,Low Mortality,121,1618.219242,High,
123,122,25_75,25_75,"34.7031541526181, -119.625712622617",589.999829,10550.00355,0.393877,No Change,123,1683.436946,None,
124,123,25_75,1_25,"34.6956078685635, -119.658351712297",812.092865,10262.7669,0.802331,Low Mortality,124,1952.955525,High,
125,124,75_100,25_75,"34.6956874996297, -119.669011017047",769.999437,15899.99596,0.683549,Low Mortality,125,1888.978569,Moderate,
126,125,25_75,1_25,"34.6963307386991, -119.663736516465",750.000236,13600.01091,0.33378,Low Mortality,126,1851.673876,Moderate,
127,126,25_75,1_25,"34.6973530619253, -119.667480216529",760.000436,7325.007063,0.990343,Low Mortality,127,1809.754075,Moderate,
128,127,75_100,75_100,"34.7020073561084, -119.599191506984",840.001441,13325.00501,0.458374,No Change,128,1753.754295,Low,
129,128,25_75,25_75,"34.6972401232237, -119.666240439232",599.999229,8325.008709,0.566158,No Change,129,1808.732356,Low,
130,129,25_75,1_25,"34.6974782849678, -119.662121208628",636.988838,10663.84361,0.027473,Low Mortality,130,1827.742671,High,
131,130,25_75,25_75,"34.7035689512814, -119.598201244537",729.999535,12000.00358,0.37014,No Change,131,1702.423834,None,
132,131,25_75,25_75,"34.705338002254, -119.608067348967",930.000944,26075.01159,0.394092,No Change,132,1816.060415,None,
133,132,75_100,25_75,"34.6982092169731, -119.675120687876",1280.756893,27987.69596,0.248095,Low Mortality,133,1889.062532,Moderate,
134,133,75_100,1_25,"34.6977051189821, -119.590625259005",1059.999251,14975.00449,0.931339,High Mortality,134,1793.821723,High,
135,134,75_100,75_100,"34.7014162696536, -119.63508386495",2399.999516,40375.02586,0.856051,No Change,135,1702.871042,None,
136,135,1_25,1_25,"34.7029921896798, -119.681700789745",1100.000952,16724.99784,0.072803,No Change,136,1866.94035,Low,
138,137,25_75,1_25,"34.7106566902829, -119.649189580582",709.999634,11700.00462,0.00723,Low Mortality,138,1633.666614,None,
139,138,25_75,25_75,"34.7101412916212, -119.656701924891",1689.998781,26300.01,0.334168,No Change,139,1672.767108,Low,
140,139,75_100,75_100,"34.7155934406292, -119.652523762189",789.999838,14200.01135,0.345719,No Change,140,1516.802863,Moderate,
141,140,25_75,25_75,"34.7159732485277, -119.662851834242",1179.998756,17425.00164,0.916944,No Change,141,1355.740002,None,
142,141,25_75,25_75,"34.7177123825619, -119.665454576299",326.223716,4446.13328,0.448015,No Change,142,1292.646434,None,
143,142,1_25,1_25,"34.7192711354183, -119.651002024667",649.998331,9625.002908,0.867792,No Change,143,1359.885183,None,
144,143,25_75,25_75,"34.744984932385, -119.66024668344",434.290396,6739.040316,0.626262,No Change,144,1401.091693,None,
145,144,25_75,25_75,"34.7121715769428, -119.66485869779",632.717431,9578.880282,0.593129,No Change,145,1447.610291,None,
146,145,25_75,1_25,"34.7027195776893, -119.578410112448",1150.000355,19650.00305,0.549064,Low Mortality,146,1484.826152,High,
147,146,25_75,1_25,"34.6984567889063, -119.655163370598",391.073609,5462.878399,0.792342,Low Mortality,147,2041.164635,Low,
148,147,75_100,25_75,"34.6990950044666, -119.675394723712",611.867193,8795.925196,0.217632,Low Mortality,148,1871.234231,Low,
149,148,25_75,25_75,"34.7028404982499, -119.666142970715",750.001036,16300.00912,0.194724,No Change,149,1734.629908,Moderate,
150,149,25_75,25_75,"34.7031240274214, -119.668429620788",1100.000852,16374.99683,0.110745,No Change,150,1718.144423,None,
151,150,1_25,1_25,"34.7083331416756, -119.68366092406",1399.999367,17900.01141,0.939712,No Change,151,1764.856044,Moderate,
152,151,75_100,25_75,"34.7130915161844, -119.674162165574",511.47061,7950.923312,0.147038,Low Mortality,152,1601.026408,Moderate,
153,152,25_75,25_75,"34.7124686264106, -119.656421610035",990.000247,17750.00218,0.361474,No Change,153,1600.646821,Low,
154,153,25_75,25_75,"34.7120468269602, -119.649734332561",500.000024,7399.996957,0.682437,No Change,154,1595.082227,Low,
155,154,75_100,25_75,"34.6992016931617, -119.678088778038",1069.999651,19900.01604,0.468503,Low Mortality,155,1886.628681,Low,
156,155,75_100,1_25,"34.7074679364652, -119.648285000872",309.999115,4400.005414,0.334406,High Mortality,156,1678.488474,High,
157,156,75_100,75_100,"34.7421286568448, -119.65333835255",509.998725,11499.9999,0.61866,No Change,157,1689.29334,None,
158,157,75_100,75_100,"34.7156479368382, -119.648066357889",516.626263,9450.115071,0.134605,No Change,158,1462.301181,None,
159,158,1_25,1_25,"34.70257042527, -119.68234389812",580.000428,6050.008532,0.727941,No Change,159,1875.044999,High,
160,159,25_75,25_75,"34.7039847632924, -119.636422049456",709.999934,16349.99998,0.948069,No Change,160,1686.21218,Low,
161,160,25_75,1_25,"34.7148719426036, -119.602422735526",910.000443,21800.00357,0.450819,Low Mortality,161,1468.366993,Low,
162,161,75_100,75_100,"34.7010726918188, -119.673162938458",463.306011,7141.57112,0.103328,No Change,162,1818.546305,None,
163,162,75_100,25_75,"34.7016013529514, -119.594171917054",659.999731,10625.0002,0.355691,Low Mortality,163,1770.254576,Moderate,
164,163,25_75,25_75,"34.7041737871744, -119.603055057911",989.999849,22100.00548,0.228112,No Change,164,1750.921726,Moderate,
165,164,25_75,25_75,"34.698708985786, -119.590207842844",509.999525,8999.997102,0.13671,No Change,165,1733.016856,None,
166,165,75_100,25_75,"34.7102027929398, -119.647670737328",949.999545,12550.00308,0.372591,Low Mortality,166,1582.909784,Moderate,
167,166,75_100,75_100,"34.7040297896202, -119.647583077526",759.999336,12050.01427,0.355036,No Change,167,1756.130211,None,
168,167,1_25,1_25,"34.6989075981198, -119.592414167798",830.00014,11950.00775,0.067446,No Change,168,1724.958023,Low,
169,168,25_75,25_75,"34.6993549607174, -119.595697591772",1210.001358,26150.01216,0.142931,No Change,169,1847.485643,Moderate,
170,169,25_75,25_75,"34.703677382899, -119.670406812094",1159.999555,27850.00563,0.073012,No Change,170,1745.607779,Moderate,
171,170,25_75,25_75,"34.7106062613924, -119.652837261347",579.999728,7025.005167,0.322062,No Change,171,1724.152174,Low,
172,171,75_100,25_75,"34.7027652486893, -119.636272766979",490.001124,7000.001488,0.374338,Low Mortality,172,1727.037928,Moderate,
173,172,75_100,75_100,"34.6977310156359, -119.591526533234",809.998839,14775.00197,0.263949,No Change,173,1761.575165,None,
174,173,75_100,25_75,"34.7063361300783, -119.602274265428",990.001548,19500.00623,0.818625,Low Mortality,174,1678.492451,Low,
175,174,75_100,25_75,"34.7059186326765, -119.669725850391",875.808466,15111.52316,0.444155,Low Mortality,175,1671.204251,None,
176,175,25_75,25_75,"34.7065808116397, -119.681366587046",999.999348,13224.99602,0.013075,No Change,176,1783.987433,None,
177,176,25_75,25_75,"34.7090398509785, -119.667910181525",779.999337,12825.00422,0.112668,No Change,177,1565.38958,None,
178,177,25_75,1_25,"34.7060218990853, -119.66576654489",733.155471,10249.67664,0.63848,Low Mortality,178,1648.653716,Moderate,
179,178,25_75,25_75,"34.7071132380519, -119.668096769829",470.000522,6150.002414,0.367981,No Change,179,1623.669017,Low,
180,179,1_25,1_25,"34.7048157478715, -119.601708130745",549.999426,10500.0025,0.235119,No Change,180,1700.861443,None,
181,180,1_25,1_25,"34.7079446248684, -119.603989368001",429.999522,5599.988346,0.093914,No Change,181,1589.923573,None,
182,181,75_100,25_75,"34.7071102672162, -119.657204802498",490.001423,5300.000181,0.076359,Low Mortality,182,1775.335668,Moderate,
183,182,1_25,1_25,"34.6967338803668, -119.597925683802",789.999641,14574.99846,0.762256,No Change,183,1852.47533,None,
184,183,1_25,1_25,"34.6985710328329, -119.601375076663",789.999238,13374.9971,0.666844,No Change,184,1738.857825,None,
185,184,1_25,1_25,"34.7121328548787, -119.666658664162",946.023173,15430.72036,0.355745,No Change,185,1482.394549,None,
186,185,25_75,25_75,"34.6954709173447, -119.666983214008",1100.000653,13599.99985,0.404468,No Change,186,1839.865343,Moderate,
187,186,75_100,75_100,"34.7061822864259, -119.647051338436",1280.001961,27425.01048,0.957825,No Change,187,1643.777455,Low,
188,187,25_75,25_75,"34.7046372946571, -119.629517956637",670.000732,15575.00323,0.288879,No Change,188,1713.383153,Low,
189,188,75_100,25_75,"34.7083531359155, -119.666829792707",1545.713466,35346.08649,0.649445,Low Mortality,189,1578.587054,Moderate,
190,189,1_25,1_25,"34.7155028227046, -119.631046370655",1009.999249,23175.00508,0.253124,No Change,190,1654.32034,None,
191,190,75_100,25_75,"34.6958497430004, -119.664799371383",760.001236,14525.00239,0.627154,Low Mortality,191,1871.127892,Moderate,
192,191,25_75,25_75,"34.6999692128376, -119.677094948954",889.998842,12175.00308,0.748782,No Change,192,1849.380404,Moderate,
193,192,25_75,25_75,"34.7004227858412, -119.596743836551",709.999034,15200.00769,0.697552,No Change,193,1832.876439,None,
194,193,1_25,1_25,"34.7076363826112, -119.613839592868",449.999822,8149.99914,0.816627,No Change,194,1830.648157,None,
195,194,25_75,1_25,"34.7085184806107, -119.671340182248",919.998344,9775.005171,0.97004,Low Mortality,195,1625.34088,High,
196,195,1_25,1_25,"34.7065574210473, -119.668717324282",835.991017,8908.167585,0.438788,No Change,196,1641.151505,Low,
197,196,75_100,1_25,"34.7082800969491, -119.681348814879",890.000042,17750.00534,0.756062,High Mortality,197,1741.496307,Moderate,
198,197,1_25,1_25,"34.7004347858061, -119.645012622791",740.000536,5999.994357,0.404842,No Change,198,1828.517578,Moderate,
199,198,75_100,1_25,"34.7061505279421, -119.67129478571",439.998921,6574.992684,0.836736,High Mortality,199,1678.833573,High,
200,199,75_100,25_75,"34.7051202441325, -119.667351152832",1440.001569,40350.01095,0.093157,Low Mortality,200,1678.598546,Moderate,
201,200,1_25,1_25,"34.6995487118199, -119.573924595063",619.99973,10950.00292,0.916409,No Change,201,1456.774556,High,
202,201,25_75,25_75,"34.746800922198, -119.665392158224",490.000023,9125.002363,0.420183,No Change,202,1254.499189,Low,
203,202,75_100,75_100,"34.7035003391506, -119.60420477114",749.998341,14250.00066,0.976157,No Change,203,1810.349575,None,
204,203,75_100,75_100,"34.708203615687, -119.67110349917",1589.999176,21650.01121,0.73254,No Change,204,1608.472758,Low,
205,204,75_100,75_100,"34.7097700917008, -119.668336920328",570.000127,11000.0023,0.501387,No Change,205,1536.244434,None,
206,205,25_75,1_25,"34.7090426700957, -119.653838136659",1269.998861,21900.00172,0.222119,Low Mortality,206,1756.957918,Moderate,
207,206,25_75,25_75,"34.7022050516351, -119.635135969422",919.999544,19749.99755,0.91167,No Change,207,1713.615149,None,
208,207,75_100,25_75,"34.7094208514, -119.647372900686",800.000839,14374.99978,0.505481,Low Mortality,208,1624.614175,Moderate,
209,208,75_100,75_100,"34.7090208326879, -119.656597896821",509.999324,7324.998869,0.065768,No Change,209,1710.697568,Low,
210,209,75_100,75_100,"34.7114356126176, -119.649155515933",749.999436,10024.99816,0.554159,No Change,210,1598.263117,None,
211,210,75_100,75_100,"34.7109037114382, -119.656876418983",949.999645,12425.01485,0.469105,No Change,211,1666.450136,Low,
212,211,75_100,75_100,"34.7129050231602, -119.649626372157",668.665073,9373.973005,0.012267,No Change,212,1599.248313,Low,
213,212,25_75,25_75,"34.7146185747434, -119.648766780251",729.999135,7125.001434,0.0911,No Change,213,1527.899681,None,
214,213,25_75,25_75,"34.7145567231839, -119.655598752686",849.998641,12075.00733,0.105605,No Change,214,1553.838006,Moderate,
215,214,25_75,25_75,"34.7050799399925, -119.593889834654",1259.999061,22824.99885,0.229536,No Change,215,1637.253919,Moderate,
216,215,25_75,25_75,"34.7465523170771, -119.659096609814",1839.999488,40100.00188,0.252962,No Change,216,1367.674206,Low,
217,216,75_100,75_100,"34.7012040215461, -119.643836464398",1430.002268,17075.00398,0.712438,No Change,217,1750.752301,Low,
218,217,75_100,75_100,"34.6975442377341, -119.632805403076",1049.99985,20624.99839,0.920053,No Change,218,1849.76542,Low,
219,218,75_100,25_75,"34.7091480928165, -119.641237548434",499.999124,5949.998426,0.016847,Low Mortality,219,1573.701766,Moderate,
220,219,75_100,75_100,"34.6967547275657, -119.638046617833",1670.00118,24650.01533,0.474133,No Change,220,1877.370585,Low,
221,220,25_75,25_75,"34.7037199086562, -119.597089287911",1679.998281,25775.00571,0.995525,No Change,221,1690.335405,None,
222,221,75_100,75_100,"34.7037058514422, -119.656997060646",777.653051,8334.464105,0.385044,No Change,222,1845.812409,Low,
223,222,25_75,25_75,"34.7040411476935, -119.672852509086",759.998236,13924.99149,0.17511,No Change,223,1765.154685,Low,
224,223,25_75,1_25,"34.7107198557724, -119.666312529789",520.000725,9225.006943,0.126754,Low Mortality,224,1502.026254,Low,
225,224,75_100,75_100,"34.7473878487408, -119.657758954102",839.99964,19900.00732,0.127505,No Change,225,1308.080959,None,
226,225,1_25,1_25,"34.698619280839, -119.663946335287",701.950662,5371.747081,0.889819,No Change,226,1810.32005,Moderate,
227,226,75_100,25_75,"34.7065446898565, -119.671732366971",1449.999669,17199.99672,0.579247,Low Mortality,227,1694.319796,Moderate,
228,227,75_100,25_75,"34.7080708858462, -119.667906339805",890.000442,14725.0055,0.648792,Low Mortality,228,1614.943993,Moderate,
229,228,75_100,25_75,"34.6994155974549, -119.662412005937",410.00082,7249.998176,0.654398,Low Mortality,229,1799.329049,Moderate,
230,229,1_25,1_25,"34.7068686433467, -119.68174812183",569.999327,8625.00473,0.311229,No Change,230,1787.389965,High,
231,230,75_100,25_75,"34.7088665205294, -119.652043268077",799.999338,12474.99711,0.60839,Low Mortality,231,1764.062224,Low,
232,231,25_75,25_75,"34.7064003668825, -119.644274781135",1159.999455,21275.00954,0.675157,No Change,232,1610.857635,Low,
233,232,25_75,25_75,"34.7016724976893, -119.661642948822",879.999542,11800.00026,0.895254,No Change,233,1754.787337,Low,
234,233,25_75,25_75,"34.7033416041967, -119.637385374028",539.999926,13750.00555,0.879851,No Change,234,1691.843646,Moderate,
235,234,75_100,75_100,"34.7116104855811, -119.645837487009",1890.000091,48600.00465,0.690602,No Change,235,1513.838012,Low,
236,235,25_75,25_75,"34.7136283133451, -119.661801186716",306.569406,5019.541179,0.458582,No Change,236,1445.73258,None,
237,236,25_75,25_75,"34.6964167370442, -119.639461207512",679.998133,15450.00695,0.806112,No Change,237,1949.726725,Moderate,
238,237,25_75,25_75,"34.7128323077083, -119.615818943635",1240.000661,38475.01385,0.418739,No Change,238,1710.004484,None,
239,238,25_75,25_75,"34.7064452435397, -119.599275819494",1249.99936,18650.00246,0.290538,No Change,239,1637.878473,Low,
240,239,25_75,25_75,"34.7188159903749, -119.668115195866",1139.998954,17275.00964,0.952309,No Change,240,1330.258747,None,
241,240,75_100,25_75,"34.7135883571137, -119.677321794279",830.00034,13100.01308,0.649421,Low Mortality,241,1590.288568,Moderate,
242,241,1_25,1_25,"34.7087663443003, -119.617169085779",509.999526,6525.001302,0.385029,No Change,242,1865.782796,None,
243,242,25_75,25_75,"34.7132316080347, -119.613062233765",822.265486,17762.48903,0.609263,No Change,243,1648.895246,None,
244,243,75_100,75_100,"34.6970723393244, -119.664204435099",309.999315,4149.994151,0.232519,No Change,244,1826.162269,Low,
245,244,25_75,1_25,"34.7002174869488, -119.662223928533",950.000445,19450.00735,0.88368,Low Mortality,245,1779.814012,Moderate,
246,245,25_75,25_75,"34.7127324096899, -119.648333530886",810.000239,20300.00654,0.670273,No Change,246,1528.218449,None,
247,246,75_100,75_100,"34.7188864700492, -119.67389445394",1150.000855,22325.012,0.272885,No Change,247,1358.096971,None,
248,247,75_100,75_100,"34.7460709613349, -119.655511916778",830.00104,19700.00562,0.41688,No Change,248,1388.682712,None,
249,248,75_100,75_100,"34.7115047183301, -119.648244116744",830.00074,8800.005413,0.255249,No Change,249,1557.15633,None,
250,249,25_75,25_75,"34.7103841273739, -119.643473764003",1599.998676,46025.00643,0.136107,No Change,250,1524.007343,None,
251,250,75_100,25_75,"34.7034903853558, -119.59338524289",1219.999759,43725.01548,0.71628,Low Mortality,251,1699.918338,Moderate,
252,251,25_75,25_75,"34.7084896838062, -119.588996756434",1309.997263,24349.99044,0.079862,No Change,252,1536.793146,None,
253,252,25_75,25_75,"34.6984303992176, -119.593608526624",1109.999453,16225.00536,0.333732,No Change,253,1807.508613,Moderate,
254,253,25_75,25_75,"34.7050672713785, -119.673800423641",1119.997554,21374.99381,0.518404,No Change,254,1723.350983,Low,
255,254,75_100,75_100,"34.7072257916323, -119.656489135221",1020.000748,31499.9918,0.789788,No Change,255,1766.128818,Low,
256,255,75_100,25_75,"34.7014155010258, -119.654947580812",620.00063,8125.000939,0.771809,Low Mortality,256,1945.461886,Moderate,
257,256,75_100,25_75,"34.701972435265, -119.665445553663",430.00042,5100.002228,0.12006,Low Mortality,257,1749.104067,Moderate,
258,257,25_75,25_75,"34.7016518877976, -119.660523497139",2140.001602,47625.01585,0.908341,No Change,258,1784.677577,Moderate,
259,258,25_75,1_25,"34.7091238238732, -119.662191468873",373.541801,5510.336839,0.293989,Low Mortality,259,1543.101653,High,
260,259,25_75,1_25,"34.7090399942478, -119.658329914731",960.000046,11150.00531,0.16315,Low Mortality,260,1680.443751,Moderate,
261,260,25_75,25_75,"34.7159638486743, -119.672799666532",1139.999654,16825.00183,0.881064,No Change,261,1505.961933,None,
262,261,25_75,25_75,"34.7097640375809, -119.669173207306",779.999037,12950.00912,0.919511,No Change,262,1567.468433,None,
263,262,75_100,75_100,"34.7183379732296, -119.677570508879",960.001146,9125.001671,0.286085,No Change,263,1409.403145,Low,
264,263,75_100,25_75,"34.7003190939663, -119.657656016978",305.323081,4178.999323,0.501505,Low Mortality,264,1882.144529,Low,
265,264,25_75,25_75,"34.701779681696, -119.656734603379",1070.000251,15375.00623,0.228641,No Change,265,1866.288943,None,
266,265,75_100,75_100,"34.7030163934706, -119.660990172154",599.998929,9400.000399,0.917951,No Change,266,1710.412113,None,
267,266,25_75,25_75,"34.7032958967549, -119.662141373565",810.001239,18400.01318,0.863937,No Change,267,1677.804354,Moderate,
268,267,75_100,25_75,"34.7091044478405, -119.659807111135",660.000331,10125.00571,0.293202,Low Mortality,268,1630.397185,Moderate,
269,268,75_100,75_100,"34.7169169702572, -119.67910494506",809.998539,12925.00879,0.332762,No Change,269,1488.653193,None,
270,269,25_75,25_75,"34.7095705642216, -119.680442436956",810.001239,17300.00228,0.872501,No Change,270,1681.718467,Low,
271,270,25_75,25_75,"34.7167968390195, -119.68003219054",909.998243,8400.000048,0.420447,No Change,271,1505.300197,Moderate,
272,271,25_75,25_75,"34.7431686484298, -119.654955218212",1170.000557,36300.01545,0.409125,No Change,272,1605.842115,None,
273,272,75_100,75_100,"34.6995239310023, -119.635051119585",640.000631,7725.003584,0.9743,No Change,273,1759.788477,Low,
274,273,25_75,25_75,"34.7130116051906, -119.676946676168",1309.999363,20500.0063,0.154735,No Change,274,1560.337112,None,
275,274,25_75,25_75,"34.7111388387285, -119.67729405644",499.999824,7075.004172,0.289482,No Change,275,1636.095169,Low,
276,275,1_25,1_25,"34.7071356565906, -119.684822949684",550.000126,6650.005623,0.343461,No Change,276,1803.063378,None,
277,276,25_75,25_75,"34.7117697031583, -119.661881930502",875.106906,22868.51512,0.624631,No Change,277,1487.098463,Low,
278,277,75_100,25_75,"34.7077103651475, -119.654701517924",819.999039,22200.01185,0.485303,Low Mortality,278,1772.543143,Moderate,
279,278,75_100,75_100,"34.7056938141933, -119.638803774195",730.001135,14800.00409,0.421113,No Change,279,1600.089951,Low,
280,279,25_75,25_75,"34.7081827507343, -119.644181444208",1020.000249,18025.01015,0.856237,No Change,280,1582.335047,Low,
281,280,1_25,1_25,"34.7011585853279, -119.702593903835",979.999447,13199.99816,0.015223,No Change,281,1431.869305,None,
282,281,25_75,25_75,"34.7182898504724, -119.667443250425",1039.99985,20300.01093,0.173191,No Change,282,1315.004987,None,
283,282,75_100,75_100,"34.7156375551226, -119.677216345649",1210.000358,34450.02202,0.266752,No Change,283,1513.546268,Low,
284,283,25_75,25_75,"34.7198296952306, -119.668134133973",630.310824,6386.420065,0.20041,No Change,284,1241.434946,None,
285,284,75_100,75_100,"34.744750358542, -119.654736265726",1130.000655,40699.99018,0.406947,No Change,285,1466.794988,None,
286,285,25_75,25_75,"34.7023309541969, -119.64630534243",359.999117,4675.004685,0.167067,No Change,286,1851.234272,Low,
287,286,25_75,25_75,"34.7061887310859, -119.655294445276",1069.999051,37025.00228,0.362064,No Change,287,1818.544857,Low,
288,287,75_100,75_100,"34.7180001036812, -119.675512642749",440.000221,4350.000413,0.612329,No Change,288,1423.211553,None,
289,288,75_100,75_100,"34.702284320632, -119.649972505504",1389.999666,41900.01487,0.797833,No Change,289,1884.838408,Low,
290,289,75_100,75_100,"34.7461438482068, -119.656284361089",430.00032,5675.010106,0.229973,No Change,290,1405.658956,None,
291,290,75_100,75_100,"34.701228220083, -119.641488632721",829.99944,13900.01051,0.014499,No Change,291,1768.100014,Low,
292,291,75_100,75_100,"34.7047702015717, -119.669301532572",680.000432,11350.00689,0.441711,No Change,292,1700.082363,None,
293,292,25_75,25_75,"34.7111840141476, -119.666733530104",900.001143,14975.00702,0.886424,No Change,293,1493.434911,None,
294,293,75_100,25_75,"34.7081577770107, -119.643349052728",660.000331,12800.00779,0.562703,Low Mortality,294,1592.730658,Moderate,
295,294,1_25,1_25,"34.7130030866464, -119.644605967309",470.000223,8600.007969,0.280343,No Change,295,1432.504603,None,
296,295,75_100,75_100,"34.6999109035922, -119.663798085887",1070.002051,23500.00825,0.709418,No Change,296,1782.33412,None,
297,296,25_75,25_75,"34.7017810570387, -119.655830004535",385.443645,5132.747293,0.930703,No Change,297,1919.912359,Low,
298,297,75_100,75_100,"34.7028746566769, -119.661436974796",560.001027,6250.001826,0.268647,No Change,298,1704.586381,None,
299,298,1_25,1_25,"34.7072852557899, -119.652689707347",990.000448,17574.99417,0.780098,No Change,299,1801.523819,Low,
300,299,25_75,25_75,"34.7077447506387, -119.670447435326",2149.999703,35100.00103,0.20274,No Change,300,1624.156359,None,
301,300,75_100,75_100,"34.7177896692262, -119.6779124482",1249.99906,14149.99921,0.395112,No Change,301,1436.752713,None,
302,301,25_75,25_75,"34.6992192214365, -119.632775864945",1070.001051,35700.01408,0.538275,No Change,302,1783.464272,Low,
303,302,25_75,25_75,"34.7044438711968, -119.632642070554",943.564726,14818.81307,0.381532,No Change,303,1626.149148,Low,
304,303,75_100,75_100,"34.7071274434773, -119.640886737669",810.000839,16874.99685,0.44277,No Change,304,1594.289619,None,
305,304,25_75,25_75,"34.7046611996548, -119.6718798758",1409.999567,34500.00277,0.581971,No Change,305,1734.811019,None,
306,305,25_75,25_75,"34.7056715740031, -119.66220773985",709.999434,8824.991016,0.095137,No Change,306,1613.346296,Moderate,
307,306,25_75,1_25,"34.7097530698604, -119.660032566912",1069.998951,15850.00458,0.633022,Low Mortality,307,1631.262957,High,
308,307,25_75,25_75,"34.7108365460816, -119.661088734487",634.564992,16054.93861,0.467669,No Change,308,1526.225316,None,
309,308,25_75,25_75,"34.7168897236913, -119.676850450485",770.000137,8975.001597,0.655927,No Change,309,1462.299303,None,
310,309,75_100,25_75,"34.7043055418643, -119.671073630009",999.999848,12475.00572,0.807234,Low Mortality,310,1711.220719,None,
311,310,75_100,75_100,"34.7007133100569, -119.64338455357",920.002344,24325.00681,0.107312,No Change,311,1796.608448,Low,
312,311,25_75,25_75,"34.7033188306048, -119.646780005522",760.000536,14824.98784,0.753662,No Change,312,1786.25386,Low,
313,312,25_75,25_75,"34.7107982113836, -119.655523610119",1410.000667,38450.0191,0.821673,No Change,313,1656.341753,None,
314,313,75_100,75_100,"34.7063692547941, -119.665341070345",570.000327,5799.996373,0.861535,No Change,314,1620.656051,None,
315,314,25_75,25_75,"34.6999119956783, -119.642103532964",979.999047,22350.01095,0.191847,No Change,315,1833.65009,None,
316,315,25_75,25_75,"34.7045931334677, -119.647983429899",1149.998655,21375.01165,0.998726,No Change,316,1737.083997,None,
317,316,25_75,25_75,"34.7153014449708, -119.646372379547",295.325857,5189.835665,0.850663,No Change,317,1415.684204,None,
318,317,1_25,1_25,"34.7177603308536, -119.64772072138",603.182146,10230.20045,0.793901,No Change,318,1377.058936,None,
319,318,25_75,25_75,"34.7112436708826, -119.652193461964",489.999124,7300.001868,0.555659,No Change,319,1695.563293,Moderate,
320,319,75_100,75_100,"34.7105175042683, -119.608027243748",1059.999351,11524.99385,0.8179,No Change,320,1549.294,None,
321,320,1_25,1_25,"34.7250517900484, -119.62069874758",589.99963,5475.004639,0.427126,No Change,321,1533.055643,None,
324,323,75_100,25_75,"34.7026377468133, -119.657689840788",806.241668,15974.98306,0.02101,Low Mortality,324,1822.293974,None,
325,324,1_25,1_25,"34.7168076930147, -119.651729654873",639.998731,14025.00525,0.443745,No Change,325,1423.489742,Moderate,
326,325,25_75,25_75,"34.7071326706104, -119.658439964102",820.000139,18375.00511,0.746758,No Change,326,1708.325971,None,
327,326,25_75,25_75,"34.7052476651457, -119.648273868338",374.085447,5186.086926,0.898238,No Change,327,1730.83848,None,
328,327,25_75,25_75,"34.711959558299, -119.651861359553",730.001135,10524.99943,0.711303,No Change,328,1667.952415,Low,
329,328,75_100,75_100,"34.702707834613, -119.656079798407",820.000039,20225.00648,0.046675,No Change,329,1891.127853,Low,
330,329,1_25,1_25,"34.7002217950988, -119.638558011398",429.99992,7224.997936,0.771053,No Change,330,1833.254786,None,
331,330,1_25,1_25,"34.7044803326933, -119.680775820669",780.001037,14049.99675,0.886174,No Change,331,1827.034742,Moderate,
332,331,1_25,1_25,"34.7127707785275, -119.645316383754",717.147802,12597.20278,0.519572,No Change,332,1456.357465,None,
333,332,1_25,1_25,"34.716571581069, -119.615763920597",1229.99866,11650.01336,0.286358,No Change,333,1551.543771,None,
334,333,75_100,75_100,"34.7091830289773, -119.610823540083",809.999639,14724.99727,0.323719,No Change,334,1662.918028,None,
335,334,75_100,75_100,"34.7029402328242, -119.663764670131",439.999921,6724.996882,0.85176,No Change,335,1713.066729,None,
336,335,1_25,1_25,"34.7065054691782, -119.672633741062",980.001047,16924.99124,0.527134,No Change,336,1668.87237,Low,
337,336,1_25,1_25,"34.7088135661668, -119.65558148809",779.999737,12250.00735,0.512902,No Change,337,1709.93598,Low,
338,337,25_75,25_75,"34.6977150154858, -119.638362196998",680.000133,13400.00402,0.420298,No Change,338,1887.312133,Low,
339,338,1_25,1_25,"34.7035850113846, -119.631714324718",710.001034,7074.998588,0.864887,No Change,339,1655.552204,None,
340,339,25_75,25_75,"34.7085869496145, -119.645285916472",1950.001093,23024.99715,0.105778,No Change,340,1561.042767,Low,
341,340,75_100,75_100,"34.7045980556437, -119.633796897466",349.998917,4475.005181,0.671835,No Change,341,1602.324007,None,
342,341,1_25,1_25,"34.7188374351937, -119.624427716713",1340.000164,31175.00501,0.824321,No Change,342,1824.188531,None,
343,342,1_25,1_25,"34.7026284341844, -119.637387236469",680.000732,8075.001011,0.652643,No Change,343,1729.6763,Low,
344,343,1_25,1_25,"34.7014458763226, -119.637487830544",940.000145,25600.01277,0.146439,No Change,344,1782.322116,None,
345,344,25_75,25_75,"34.7016905686867, -119.662707654569",699.999633,14825.01013,0.318562,No Change,345,1735.453528,Low,
346,345,25_75,25_75,"34.7027380063671, -119.642624167354",1480.001371,21725.01308,0.065796,No Change,346,1722.067812,Low,
347,346,75_100,75_100,"34.7023564433246, -119.633551207264",1250.00076,21050.0119,0.209127,No Change,347,1663.107629,Low,
348,347,25_75,25_75,"34.7021690861418, -119.702214535245",949.999945,20375.00239,0.025578,No Change,348,1479.724037,None,
349,348,25_75,25_75,"34.7157491923922, -119.673338598464",1109.998753,22674.98739,0.433387,No Change,349,1448.615537,None,
350,349,75_100,75_100,"34.7186658994233, -119.675596612483",1430.000068,41000.00417,0.36011,No Change,350,1383.749474,None,
351,350,1_25,1_25,"34.7060720667558, -119.682733949988",990.000047,23699.99226,0.058714,No Change,351,1816.559839,None,
352,351,1_25,1_25,"34.7051756472921, -119.643594495128",999.999848,13975.0019,0.930804,No Change,352,1662.662578,None,
353,352,25_75,25_75,"34.7049351197833, -119.634936266111",1600.002977,30925.01891,0.293887,No Change,353,1663.811159,None,
354,353,25_75,25_75,"34.703909382812, -119.633389206844",749.999336,13249.99311,0.648256,No Change,354,1628.579997,None,
355,354,75_100,75_100,"34.7472798567511, -119.656331993652",759.999536,15550.00566,0.43326,No Change,355,1332.477507,None,
356,355,25_75,25_75,"34.6991922912894, -119.639812615969",839.99904,20000.00549,0.365635,No Change,356,1863.985291,None,
357,356,75_100,75_100,"34.704430107189, -119.661267421248",1620.001277,27375.00728,0.958858,No Change,357,1671.046241,None,
358,357,75_100,75_100,"34.6997357740436, -119.634146883138",633.18948,11273.60535,0.285875,No Change,358,1770.00645,None,
359,358,25_75,25_75,"34.7068621322541, -119.678824133293",1270.00116,26875.00989,0.544583,No Change,359,1757.244714,None,
360,359,75_100,75_100,"34.709275108928, -119.609877087552",600.000629,10550.0075,0.899264,No Change,360,1648.985364,None,
361,360,75_100,75_100,"34.7075074669058, -119.64603477339",959.999346,21624.99531,0.166029,No Change,361,1614.354141,None,
362,361,25_75,25_75,"34.7100221391812, -119.663084138539",949.998845,17900.0065,0.793832,No Change,362,1493.154589,None,
363,362,25_75,25_75,"34.6995328683283, -119.602622188772",529.999428,7300.001597,0.839648,No Change,363,1690.321419,None,
364,363,25_75,25_75,"34.6996117664323, -119.663193738086",580.000028,9500.010896,0.907945,No Change,364,1785.870225,Low,
365,364,25_75,25_75,"34.7052271871934, -119.637318148904",1079.999551,30850.00369,0.099552,No Change,365,1625.612981,None,
366,365,75_100,75_100,"34.7050215008239, -119.646540923463",627.936285,11062.14187,0.247292,No Change,366,1704.094625,None,
367,366,25_75,0,"34.6994689205946, -119.653153773947",820.000839,13525.00011,0.006644,Complete Mortality,367,2035.627859,High,
368,367,25_75,25_75,"34.6961581452671, -119.669524739089",450.000921,5799.998001,0.915123,No Change,368,1880.984193,High,
369,368,75_100,75_100,"34.7029896262048, -119.594838938349",689.999934,12100.00527,0.383297,No Change,369,1728.41987,None,
370,369,25_75,25_75,"34.7017007769691, -119.596694592076",449.999821,7650.009162,0.194396,No Change,370,1778.444474,Moderate,
371,370,75_100,75_100,"34.6982841807613, -119.641213683276",1110.001053,35975.0175,0.422549,No Change,371,1900.689948,Low,
372,371,75_100,75_100,"34.7045153135194, -119.656061121027",1430.001468,50350.01945,0.670506,No Change,372,1858.924913,Low,
373,372,75_100,25_75,"34.7018324232135, -119.652247458017",2570.002123,72300.02823,0.834848,Low Mortality,373,1996.315049,Moderate,
374,373,75_100,25_75,"34.7003023089634, -119.646813429076",1099.998652,22325.00517,0.81031,Low Mortality,374,1895.713278,Moderate,
375,374,75_100,1_25,"34.710551911025, -119.680126256877",1227.721924,24042.49869,0.817804,High Mortality,375,1657.015913,High,
376,375,25_75,25_75,"34.6974689643362, -119.595365794174",630.00033,7749.998486,0.708297,No Change,376,1830.856212,Low,
377,376,75_100,1_25,"34.7063553592827, -119.601374309268",519.999726,4675.00063,0.804096,High Mortality,377,1710.067036,High,
378,377,75_100,25_75,"34.7001804626314, -119.648921947389",2090.0007,88625.022,0.98614,Low Mortality,378,1937.151283,Moderate,
379,378,25_75,25_75,"34.7023807205902, -119.595817308215",1100.000953,27575.00493,0.332399,No Change,379,1743.180717,Low,
380,379,75_100,25_75,"34.7007300344194, -119.595758619775",1059.998951,23950.00834,0.283379,Low Mortality,380,1822.078821,High,
381,380,75_100,25_75,"34.6982930496948, -119.64022917078",619.99993,9199.992283,0.555511,Low Mortality,381,1893.197065,Moderate,
382,381,75_100,25_75,"34.7013993321768, -119.633783339576",1289.999962,22475.0152,0.558398,Low Mortality,382,1699.956635,Low,
383,382,75_100,25_75,"34.6955698309715, -119.670167198779",650.001031,8350.007949,0.008672,Low Mortality,383,1896.243744,None,
384,383,75_100,25_75,"34.6989546826955, -119.644160881261",960.000546,29050.01252,0.549523,Low Mortality,384,1888.630656,Moderate,
385,384,75_100,75_100,"34.7016202765341, -119.649543306691",549.999326,9724.990424,0.619367,No Change,385,1897.108342,Low,
386,385,25_75,25_75,"34.7009599787189, -119.63325749139",1430.000369,20225.00619,0.481767,No Change,386,1736.132258,Moderate,
387,386,25_75,25_75,"34.7046753155707, -119.600595674832",329.999317,4549.996684,0.22543,No Change,387,1678.56887,Moderate,
388,387,75_100,75_100,"34.704248712141, -119.653476814665",739.999835,17574.99918,0.791383,No Change,388,1883.945607,Low,
389,388,25_75,25_75,"34.7058486777523, -119.634356832611",739.999535,10500.00357,0.153064,No Change,389,1599.160435,Moderate,
390,389,75_100,75_100,"34.7065227522936, -119.63759277934",759.999336,14225.00759,0.426049,No Change,390,1587.763636,Moderate,
391,390,25_75,25_75,"34.6971063260033, -119.635668359219",860.000141,17850.01194,0.52876,No Change,391,1858.169736,Low,
392,391,75_100,25_75,"34.697064237226, -119.670807853882",959.999946,19750.01013,0.873495,Low Mortality,392,1860.032109,Moderate,
393,392,75_100,75_100,"34.7039793324068, -119.654407754313",929.999644,18650.00451,0.002444,No Change,393,1890.765582,Low,
394,393,75_100,25_75,"34.7079416197613, -119.641828899259",830.00194,16725.00246,0.784743,Low Mortality,394,1583.098852,Moderate,
395,394,75_100,25_75,"34.7036942115142, -119.595355083937",560.000427,7300.001382,0.282686,Low Mortality,395,1705.847662,Moderate,
396,395,75_100,1_25,"34.697183337114, -119.64544936017",860.002141,19750.01371,0.15143,High Mortality,396,1970.517039,High,
397,396,25_75,1_25,"34.7046295486366, -119.652747315155",889.999742,11074.99837,0.436101,Low Mortality,397,1888.848534,Moderate,
398,397,75_100,1_25,"34.7069034500882, -119.635858340748",995.992656,14291.36719,0.671042,High Mortality,398,1586.819018,High,
399,398,75_100,0,"34.7068297019853, -119.638994869536",729.999535,14199.98593,0.07671,Complete Mortality,399,1582.036785,High,
400,399,25_75,0,"34.7083304388723, -119.659847346358",620.00113,11100.00055,0.965303,Complete Mortality,400,1636.392825,High,
401,400,75_100,1_25,"34.7184821316667, -119.679212739611",1440.000469,20649.99704,0.916625,High Mortality,401,1440.288442,High,
402,401,75_100,75_100,"34.6964557273873, -119.661148365194",713.588445,17905.11102,0.641184,No Change,402,1875.6334,Low,
403,402,75_100,25_75,"34.6974740784537, -119.659814551352",1484.663226,31154.5788,0.32921,Low Mortality,403,1873.122649,Low,
404,403,25_75,25_75,"34.6996581170618, -119.661113582265",831.993079,19118.26633,0.547566,No Change,404,1815.236263,Moderate,
405,404,75_100,75_100,"34.7153172690722, -119.67437843926",1250.003449,25668.0766,0.003338,No Change,405,1504.371818,None,
406,405,1_25,1_25,"34.6891570385143, -119.585638599533",729.999335,7750.00854,0.763917,No Change,406,1827.909539,Moderate,
407,406,1_25,1_25,"34.6927862350046, -119.588386098751",1031.645944,23361.7958,0.382517,No Change,407,1862.095695,High,
408,407,1_25,0,"34.6952817349415, -119.625290512642",780.001137,15449.99951,0.656649,Complete Mortality,408,1700.925489,High,
409,408,25_75,1_25,"34.6978914640416, -119.588090194996",660.000031,8125.007772,0.173492,Low Mortality,409,1695.666061,High,
410,409,25_75,1_25,"34.6989380927997, -119.594324633046",880.000542,12474.99312,0.270352,Low Mortality,410,1803.914951,High,
411,410,25_75,0,"34.6995288362251, -119.581764602326",710.000434,11949.99789,0.258499,Complete Mortality,411,1555.730237,High,
413,412,25_75,0,"34.6942590482835, -119.58628851151",939.999945,8975.00279,0.241087,Complete Mortality,413,1791.096485,High,
414,413,25_75,1_25,"34.7014152374581, -119.580842539311",679.999733,9149.995311,0.548104,Low Mortality,414,1535.790668,High,
415,414,1_25,0,"34.7022475654341, -119.5794149571",1069.999851,25025.01007,0.795417,Complete Mortality,415,1521.863424,High,
416,415,25_75,1_25,"34.705829562156, -119.590383254039",670.000032,6975.00473,0.519484,Low Mortality,416,1619.881938,High,
417,416,25_75,1_25,"34.7041266074928, -119.583266490422",2100.0018,41350.01092,0.197376,Low Mortality,417,1512.629773,High,
418,417,1_25,1_25,"34.6968677873663, -119.671962158238",1620.000277,19899.99614,0.774557,No Change,418,1869.541396,Low,
419,418,25_75,1_25,"34.7016440264523, -119.667850899854",620.00103,10200.00647,0.982125,Low Mortality,419,1748.679233,Moderate,
420,419,25_75,25_75,"34.6949136635908, -119.586958016027",890.000743,18075.00547,0.424392,No Change,420,1732.482386,Moderate,
421,420,75_100,1_25,"34.7042188010574, -119.591770833122",480.000323,8700.007072,0.285263,High Mortality,421,1676.477828,High,
422,421,25_75,25_75,"34.6898049561324, -119.587850003931",959.998947,18774.99697,0.267993,No Change,422,1859.606793,Low,
423,422,1_25,1_25,"34.6981934197871, -119.59732580247",1560.002775,35125.00791,0.853227,No Change,423,1912.091929,Moderate,
424,423,25_75,25_75,"34.6943515526019, -119.633498886074",467.18886,8079.181984,0.345333,No Change,424,1922.531728,None,
425,424,25_75,25_75,"34.7064089993503, -119.783420473615",1480.818293,42016.67643,0.359929,No Change,425,1748.695489,Low,
426,425,75_100,75_100,"34.7103027256667, -119.786649876796",309.999815,4050.002505,0.176364,No Change,426,1799.998301,None,
427,426,25_75,25_75,"34.7164468929081, -119.807354719786",610.000129,11125.00223,0.122685,No Change,427,1902.130111,Low,
429,428,75_100,75_100,"34.6964667851368, -119.594948788057",1080.000151,32025.01569,0.255886,No Change,429,1868.653254,None,
430,429,75_100,75_100,"34.6961807003339, -119.589186116931",709.999735,11400.00526,0.022532,No Change,430,1729.239257,None,
431,430,25_75,1_25,"34.6910203823455, -119.657656377393",1199.999757,14950.00192,0.89796,Low Mortality,431,1918.333156,High,
432,431,25_75,0,"34.6925213920863, -119.665781223166",370.000218,5225.002938,0.973415,Complete Mortality,432,1948.226318,High,
433,432,1_25,0,"34.6939370869871, -119.636873552114",609.998829,11349.99883,0.014788,Complete Mortality,433,1991.369549,High,
434,433,25_75,0,"34.6948990937558, -119.634235927402",629.99933,8424.994163,0.032652,Complete Mortality,434,1941.017765,High,
435,434,75_100,1_25,"34.693893857935, -119.664807955195",1200.001457,35250.01125,0.801307,High Mortality,435,1909.911443,High,
436,435,1_25,1_25,"34.6956845355476, -119.67503082729",609.998629,8999.997079,0.071381,No Change,436,1933.722701,None,
437,436,1_25,1_25,"34.6963784597792, -119.667011188142",610.000029,8225.002045,0.052056,No Change,437,1833.51365,High,
438,437,25_75,25_75,"34.6969202156979, -119.676840651286",870.000342,19375.01506,0.106634,No Change,438,1937.463132,Moderate,
439,438,1_25,0,"34.69874967791, -119.666313054697",750.000036,18550.00889,0.377247,Complete Mortality,439,1771.825601,High,
440,439,25_75,0,"34.6990060695174, -119.673429633191",1265.796738,33858.65243,0.668938,Complete Mortality,440,1863.042232,High,
441,440,1_25,0,"34.7014240642395, -119.669167880016",659.999832,8425.006049,0.201909,Complete Mortality,441,1782.275757,High,
442,441,1_25,1_25,"34.7033618896785, -119.668887518329",500.001024,5049.998553,0.221605,No Change,442,1734.338998,High,
445,444,25_75,0,"34.709181392, -119.691002180939",1169.999556,27300.01476,0.154185,Complete Mortality,445,1822.675998,High,
446,445,25_75,25_75,"34.7111994835231, -119.800541628244",1010.000848,23000.01002,0.75997,No Change,446,1862.255748,Low,
447,446,1_25,1_25,"34.711936832973, -119.803562467881",489.999823,9625.001081,0.960012,No Change,447,1888.531261,Moderate,
448,447,1_25,0,"34.7123516186569, -119.783236729139",610.000229,8999.996355,0.210333,Complete Mortality,448,1802.54457,High,
449,448,25_75,25_75,"34.7104823957912, -119.785631033968",2179.999904,56150.00592,0.088157,No Change,449,1793.698655,Moderate,
450,449,25_75,1_25,"34.7132786981528, -119.808136253375",1660.001679,35199.99634,0.270343,Low Mortality,450,1947.094388,High,
451,450,25_75,1_25,"34.7157619144943, -119.806344483265",420.00002,7275.001106,0.079621,Low Mortality,451,1932.329895,Moderate,
452,451,25_75,0,"34.6902179915905, -119.657797291209",579.998428,7075.002422,0.571928,Complete Mortality,452,1928.200902,High,
453,452,75_100,1_25,"34.6918568787587, -119.659058097643",709.999734,15125.00174,0.023425,High Mortality,453,1940.7396,High,
454,453,25_75,1_25,"34.692418356144, -119.663062429926",1830.001987,73775.02702,0.471933,Low Mortality,454,1920.519203,High,
455,454,25_75,1_25,"34.6942202291595, -119.658248408513",959.999846,29450.01456,0.614054,Low Mortality,455,1946.064382,High,
456,455,25_75,1_25,"34.6933444729302, -119.636301229089",2449.999718,49650.01331,0.994809,Low Mortality,456,1972.884737,High,
457,456,25_75,25_75,"34.6957601175917, -119.630893418078",800.000938,12625.00402,0.849017,No Change,457,1865.764067,Moderate,
458,457,25_75,25_75,"34.6967448450368, -119.675380091832",1205.797035,19966.34223,0.925674,No Change,458,1925.652053,Moderate,
459,458,25_75,25_75,"34.696537803865, -119.66753246434",1270.001161,27625.00384,0.345842,No Change,459,1837.218481,Moderate,
460,459,25_75,1_25,"34.6976476061969, -119.678077152042",1119.999453,28700.00433,0.919044,Low Mortality,460,1934.455854,High,
461,460,25_75,1_25,"34.7002412535931, -119.669373915735",3680.000976,106775.0199,0.438687,Low Mortality,461,1786.786274,High,
462,461,75_100,1_25,"34.7024868203614, -119.672847929472",769.999037,12099.99084,0.457545,High Mortality,462,1796.394056,High,
463,462,1_25,0,"34.7025809559494, -119.679818482604",1920.000192,54625.01607,0.310024,Complete Mortality,463,1856.822424,High,
465,464,25_75,25_75,"34.7063614041111, -119.788800549932",729.997935,14674.99606,0.093303,No Change,465,1739.392613,Moderate,
466,465,75_100,1_25,"34.7076948232884, -119.790133490815",569.999927,10325.00398,0.37292,High Mortality,466,1756.221794,Moderate,
467,466,25_75,25_75,"34.7094677796895, -119.784669159537",529.999825,6175.000337,0.367076,No Change,467,1770.476232,Moderate,
468,467,1_25,1_25,"34.709065529895, -119.783378946978",1180.001856,24075.00642,0.905984,No Change,468,1768.961913,Moderate,
469,468,25_75,25_75,"34.7104895173665, -119.78236307608",880.001142,10975.01196,0.482554,No Change,469,1760.410789,Moderate,
470,469,75_100,0,"34.7105366260095, -119.687975793787",2619.999425,54075.02192,0.309282,Complete Mortality,470,1771.447126,High,
471,470,75_100,0,"34.7113625572404, -119.69321113204",3240.001254,111900.0252,0.545135,Complete Mortality,471,1769.674987,High,
472,471,25_75,25_75,"34.7121338152473, -119.808200677687",1100.000652,18800.0096,0.01173,No Change,472,1929.407491,Moderate,
473,472,1_25,0,"34.7150873190602, -119.691594484249",840.00144,10450.00633,0.504495,Complete Mortality,473,1707.66946,High,
474,473,25_75,25_75,"34.7150721336454, -119.805083407231",650.000631,14200.00197,0.735056,No Change,474,1926.998325,Moderate,
475,474,75_100,1_25,"34.6910320156455, -119.660067514879",799.999638,23425.01132,0.605799,High Mortality,475,1963.567509,High,
476,475,75_100,25_75,"34.6919503568253, -119.665048372763",670.000432,14250.00568,0.785158,Low Mortality,476,1933.924058,Moderate,
477,476,1_25,1_25,"34.6944978126774, -119.670253485922",1229.999559,30900.02457,0.791644,No Change,477,1916.185506,Moderate,
478,477,25_75,1_25,"34.6957590141825, -119.634072191603",1000.000348,21000.02297,0.648995,Low Mortality,478,1934.854597,High,
479,478,1_25,1_25,"34.6942553352401, -119.661669735936",1079.999251,34350.01721,0.625365,No Change,479,1903.263597,High,
480,479,1_25,1_25,"34.6958563609828, -119.676122631329",1090.001152,21450.01474,0.883191,No Change,480,1932.07142,Low,
481,480,1_25,0,"34.6983990832574, -119.668191496992",530.000325,10525.00133,0.008481,Complete Mortality,481,1820.651468,High,
482,481,1_25,1_25,"34.698307601535, -119.665055086941",659.999331,9200.00203,0.73077,No Change,482,1772.796331,Low,
483,482,75_100,1_25,"34.7003576954372, -119.675341699505",689.999133,12625.0027,0.052419,High Mortality,483,1840.456121,High,
484,483,25_75,0,"34.7010195932422, -119.676960482783",880.001042,11725.00437,0.504747,Complete Mortality,484,1828.177778,High,
485,484,25_75,0,"34.7011975024924, -119.664456618592",900.000743,15000.00676,0.860837,Complete Mortality,485,1773.171985,High,
486,485,75_100,1_25,"34.7012442346892, -119.673990432977",2294.547764,33652.77239,0.240304,High Mortality,486,1806.418216,High,
487,486,1_25,0,"34.7043579343965, -119.679971329688",1839.999688,34125.00945,0.157316,Complete Mortality,487,1870.876354,High,
488,487,25_75,1_25,"34.705311821611, -119.67513200867",620.00153,7350.003477,0.49327,Low Mortality,488,1730.317734,High,
489,488,1_25,0,"34.7070292149264, -119.683926661095",569.999327,9749.999118,0.261245,Complete Mortality,489,1805.151276,High,
490,489,75_100,0,"34.7084219876318, -119.682285484653",919.999644,20625.00812,0.052568,Complete Mortality,490,1762.228274,High,
491,490,75_100,0,"34.7098494703501, -119.674004210764",1070.000351,25774.99938,0.198375,Complete Mortality,491,1710.097885,High,
492,491,75_100,0,"34.7116663589635, -119.684778418036",1320.001063,19200.00832,0.556004,Complete Mortality,492,1746.461933,High,
493,492,25_75,0,"34.7103949022428, -119.691653044088",3449.999364,130075.0348,0.010443,Complete Mortality,493,1793.633087,High,
494,493,75_100,0,"34.7124649324377, -119.670065458166",759.999636,7600.006611,0.089155,Complete Mortality,494,1601.526226,High,
495,494,25_75,0,"34.7130451670876, -119.693774502593",2200.001205,66625.03509,0.930497,Complete Mortality,495,1756.095288,High,
496,495,25_75,0,"34.7138237476024, -119.690201488699",640.000331,8150.004384,0.752132,Complete Mortality,496,1724.843767,High,
497,496,75_100,0,"34.7124857281604, -119.671091159267",1879.99849,51050.01373,0.645321,Complete Mortality,497,1600.419877,High,
499,498,75_100,0,"34.7149365939009, -119.682618955618",1169.999756,18300.00721,0.683026,Complete Mortality,499,1612.399429,High,
500,499,25_75,25_75,"34.7159935148221, -119.656582408183",1089.998952,27800.01327,0.691812,No Change,500,1549.494198,Moderate,
501,500,25_75,1_25,"34.6950826242169, -119.626921838051",1240.001059,31824.9972,0.198698,Low Mortality,501,1756.701177,Moderate,
502,501,1_25,0,"34.6962681260774, -119.656285470866",980.001147,12674.99877,0.220665,Complete Mortality,502,2029.005327,High,
503,502,25_75,1_25,"34.6999031241374, -119.673656105474",495.242374,7293.011127,0.598571,Low Mortality,503,1852.193781,High,
504,503,25_75,25_75,"34.7000833234857, -119.676029688837",549.999926,5325.004589,0.040039,No Change,504,1850.892177,Low,
505,504,75_100,1_25,"34.7007178294149, -119.660984749269",1200.001357,17425.0021,0.026718,High Mortality,505,1779.101375,High,
506,505,25_75,1_25,"34.7018474147571, -119.664901487253",570.001327,7900.01408,0.973729,Low Mortality,506,1759.866421,High,
507,506,25_75,1_25,"34.7023168151875, -119.674406992091",1452.580233,33804.10126,0.831936,Low Mortality,507,1801.163692,High,
508,507,1_25,1_25,"34.7037138558086, -119.679541225402",859.999141,14550.00196,0.093823,No Change,508,1848.847351,High,
509,508,75_100,25_75,"34.7051928827592, -119.670543979554",510.000124,8324.995027,0.12702,Low Mortality,509,1706.750215,Moderate,
510,509,75_100,1_25,"34.7025490142089, -119.676147244473",4460.003613,100025.0374,0.4907,High Mortality,510,1819.782846,High,
511,510,1_25,0,"34.705909990198, -119.684196613669",839.99984,10899.98992,0.847354,Complete Mortality,511,1822.669261,High,
512,511,25_75,1_25,"34.7090673013649, -119.642207070045",589.999228,13275.00117,0.839976,Low Mortality,512,1583.735175,High,
513,512,25_75,1_25,"34.7090389967083, -119.639941814735",819.999639,15950.01311,0.468747,Low Mortality,513,1569.126533,High,
514,513,75_100,0,"34.7089455825152, -119.673161834875",1020.000149,9724.997837,0.860961,Complete Mortality,514,1724.430188,High,
515,514,75_100,1_25,"34.7094696346759, -119.652656166326",819.998939,15050.00881,0.061997,High Mortality,515,1759.278954,High,
516,515,75_100,0,"34.7110757589971, -119.683967894469",3280.000756,106250.0089,0.441378,Complete Mortality,516,1769.529273,High,
517,516,75_100,0,"34.7131535976221, -119.670455106007",1129.999454,15125.00152,0.076142,Complete Mortality,517,1574.154418,High,
518,517,75_100,0,"34.7137930151385, -119.684828936691",1680.00028,37900.01194,0.704264,Complete Mortality,518,1664.300059,High,
519,518,75_100,1_25,"34.7147792643911, -119.672352148985",2660.001327,99574.98712,0.487445,High Mortality,519,1603.254487,High,
520,519,75_100,0,"34.7132688536963, -119.688752537206",3629.998373,95050.03103,0.516797,Complete Mortality,520,1718.987725,High,
521,520,75_100,75_100,"34.6933063806999, -119.589158323044",1429.997669,35575.00326,0.389026,No Change,521,1817.38975,None,
522,521,75_100,75_100,"34.6961516056254, -119.593623585293",839.999941,22225.00317,0.135171,No Change,522,1855.748016,None,
523,522,75_100,75_100,"34.7061146731233, -119.609289526333",409.999219,6049.999825,0.48393,No Change,523,1770.851615,None,
524,523,25_75,25_75,"34.7063273617299, -119.607281030661",689.999834,11975.00477,0.078165,No Change,524,1752.734717,Low,
525,524,1_25,1_25,"34.6963610951317, -119.58599922525",1070.000351,15000.00297,0.911557,No Change,525,1653.077582,Low,
526,525,25_75,25_75,"34.6948390144167, -119.592675174171",639.998531,13225.00214,0.314849,No Change,526,1889.761651,Moderate,
527,526,1_25,1_25,"34.7056026971637, -119.597571150355",750.000636,11324.99953,0.613483,No Change,527,1685.629392,High,
528,527,25_75,25_75,"34.7063590797441, -119.603074999425",509.998524,8549.996998,0.226589,No Change,528,1689.229977,Low,
529,528,1_25,1_25,"34.6955302227846, -119.596451242348",770.000837,7524.999821,0.610459,No Change,529,1864.604739,None,
530,529,75_100,75_100,"34.695399305818, -119.588411494459",629.999731,10425.00611,0.307461,No Change,530,1691.303186,None,
531,530,1_25,1_25,"34.6965314275151, -119.600795484388",1320.000075,53475.01106,0.994364,No Change,531,1709.804281,None,
532,531,75_100,75_100,"34.7077918360164, -119.602701037827",1409.999768,40724.98043,0.347788,No Change,532,1600.953912,None,
533,532,75_100,25_75,"34.6956358677782, -119.665948646684",1000.000248,24025.00886,0.993581,Low Mortality,533,1862.595715,Moderate,
534,533,75_100,75_100,"34.7021521272381, -119.647644579773",1099.999552,26325.01061,0.115504,No Change,534,1847.543364,Low,
535,534,25_75,25_75,"34.703554507376, -119.788018202867",769.997637,11049.9775,0.587334,No Change,535,1684.733983,None,
536,535,75_100,75_100,"34.7069378932548, -119.801043320745",669.999132,11150.00408,0.555331,No Change,536,1806.139749,Low,
537,536,75_100,25_75,"34.7134322944787, -119.798501945733",1039.99915,16599.99499,0.361465,Low Mortality,537,1788.190932,Low,
538,537,25_75,25_75,"34.6956645601204, -119.659158453475",1480.000771,36250.02014,0.303023,No Change,538,1892.730627,Moderate,
539,538,75_100,25_75,"34.7050380536311, -119.788600429982",989.998647,15449.99817,0.301463,Low Mortality,539,1703.674563,Low,
540,539,25_75,25_75,"34.6950611159424, -119.630791733638",419.531422,5970.525665,0.404741,No Change,540,1869.831574,Moderate,
541,540,75_100,0,"34.6915219073128, -119.658080708973",339.999716,4874.999213,0.587193,Complete Mortality,541,1922.893494,High,
542,541,1_25,1_25,"34.7115736549804, -119.801600693601",480.000023,8099.994451,0.678022,No Change,542,1887.82816,None,
543,542,25_75,1_25,"34.7126375809928, -119.809844866774",1290.000261,36125.02637,0.250788,Low Mortality,543,1971.768314,High,
544,543,25_75,1_25,"34.7145679851089, -119.807900953616",1010.000048,25750.01099,0.364656,Low Mortality,544,1937.899504,Moderate,
545,544,25_75,25_75,"34.6956774316312, -119.587357099664",539.999726,6249.994528,0.677999,No Change,545,1677.107884,None,
546,545,75_100,75_100,"34.696745346345, -119.592673841926",610.000229,12100.00422,0.31924,No Change,546,1817.920284,Low,
547,546,75_100,75_100,"34.7073855515725, -119.607444704662",620.00133,9874.992938,0.518346,No Change,547,1671.740419,Low,
548,547,25_75,25_75,"34.6958808485374, -119.59210620856",1199.999058,16625.01549,0.081145,No Change,548,1856.554342,None,
549,548,25_75,25_75,"34.6954594278649, -119.589190924298",1319.999265,17475.00846,0.98014,No Change,549,1716.685677,None,
550,549,75_100,75_100,"34.6971903672006, -119.572381647954",1580.000376,24775.01355,0.570827,No Change,550,1437.799971,None,
551,550,1_25,1_25,"34.6907993729384, -119.629555680643",550.000526,10825.00228,0.72477,No Change,551,1816.55034,None,
552,551,25_75,25_75,"34.7180338947821, -119.651304843998",1029.999549,14100.0046,0.943436,No Change,552,1427.474094,Low,
553,552,1_25,1_25,"34.7468465865054, -119.661099130987",1120.000753,30375.01102,0.093608,No Change,553,1272.172541,None,
554,553,25_75,1_25,"34.6940299442912, -119.593032832331",1580.000076,39000.01377,0.776273,Low Mortality,554,1921.269834,High,
556,555,75_100,25_75,"34.7024338837251, -119.602229174674",569.999227,10625.00126,0.390541,Low Mortality,556,1794.298213,Moderate,
557,556,75_100,1_25,"34.7035593666239, -119.600028652911",1080.001952,25850.00802,0.200077,High Mortality,557,1743.718166,High,
558,557,75_100,25_75,"34.7050578114246, -119.604089873419",840.000743,20924.9948,0.673278,Low Mortality,558,1745.66943,Moderate,
559,558,75_100,1_25,"34.6916784923255, -119.666738534488",1119.999053,24900.00477,0.067059,High Mortality,559,1963.075697,High,
560,559,25_75,0,"34.6932734577817, -119.660112845529",1719.999382,54550.00894,0.238386,Complete Mortality,560,1926.20055,High,
561,560,25_75,0,"34.6971454873655, -119.652220595887",3109.999249,77100.0315,0.526017,Complete Mortality,561,2062.872616,High,
562,561,25_75,25_75,"34.7120546012471, -119.786631571151",779.999737,22875.00782,0.580373,No Change,562,1796.122529,Moderate,
563,562,25_75,25_75,"34.7151861100486, -119.804050329298",599.999729,11200.00614,0.031043,No Change,563,1921.532678,Moderate,
564,563,75_100,25_75,"34.6955894268932, -119.637862603594",750.000336,15600.00263,0.733562,Low Mortality,564,1931.143986,Moderate,
565,564,25_75,25_75,"34.6964306778885, -119.6349454629",790.000838,19550.00904,0.17717,No Change,565,1883.773481,Low,
566,565,25_75,25_75,"34.697410426769, -119.671251689042",670.000332,7250.001196,0.827887,No Change,566,1850.394024,Low,
567,566,75_100,25_75,"34.7053523335491, -119.654120002568",619.99973,5925.006242,0.058587,Low Mortality,567,1869.588505,Low,
568,567,75_100,75_100,"34.6941562803119, -119.590158284785",869.999443,21325.00803,0.867018,No Change,568,1776.142647,Low,
569,568,75_100,75_100,"34.707862249852, -119.606398292725",710.001135,9774.987429,0.870036,No Change,569,1662.662552,Moderate,
570,569,25_75,25_75,"34.6941747230904, -119.667514590976",950.000145,24075.01132,0.967794,No Change,570,1893.033845,Low,
571,570,75_100,75_100,"34.693256048747, -119.669992491168",360.000317,5350.000125,0.381192,No Change,571,1925.715295,Low,
572,571,25_75,25_75,"34.7004179774832, -119.654071471568",1850.001088,44450.01116,0.395108,No Change,572,1969.241245,Moderate,
573,572,25_75,25_75,"34.6927814904369, -119.670688735293",660.000532,12475.00826,0.002931,No Change,573,1943.577679,Moderate,
574,573,25_75,25_75,"34.703050447801, -119.65126002287",990.000348,23000.0095,0.916108,No Change,574,1906.72352,Low,
575,574,75_100,75_100,"34.692462221774, -119.590157382483",609.99983,8325.007475,0.243683,No Change,575,1859.997973,None,
576,575,75_100,75_100,"34.7025247351197, -119.604876267727",1249.998564,28724.99761,0.543565,No Change,576,1877.926031,Low,
577,576,75_100,25_75,"34.7053417583374, -119.609774941379",1179.998658,20650.00974,0.405777,Low Mortality,577,1821.727893,Low,
578,577,25_75,25_75,"34.6927643335052, -119.590554272608",590.001528,6725.002325,0.181569,No Change,578,1871.645239,None,
579,578,25_75,25_75,"34.6931704683844, -119.591547460175",780.001037,12849.99822,0.631482,No Change,579,1896.876981,None,
580,579,75_100,75_100,"34.706919513794, -119.610667844999",880.000142,28974.99737,0.541016,No Change,580,1788.812254,Moderate,
581,580,25_75,25_75,"34.7073476369668, -119.612907377626",589.997628,11499.98884,0.477193,No Change,581,1792.850671,Moderate,
582,581,75_100,0,"34.6952940161669, -119.640920336552",1029.997549,24375.01206,0.517869,Complete Mortality,582,1982.633103,High,
583,582,1_25,1_25,"34.6919960196852, -119.592029775121",619.999929,8850.004091,0.246489,No Change,583,1960.594429,Low,
584,583,25_75,1_25,"34.7006355467179, -119.593790518916",960.001246,19075.00981,0.396944,Low Mortality,584,1759.922845,Moderate,
585,584,25_75,1_25,"34.701303952628, -119.599415088399",1700.000682,28425.00675,0.404146,Low Mortality,585,1783.813828,Moderate,
587,586,25_75,1_25,"34.7048930437728, -119.603332475584",850.000144,10924.99941,0.753284,Low Mortality,587,1767.141899,High,
588,587,75_100,1_25,"34.6914424282383, -119.668791080162",2409.997215,42100.00551,0.272594,High Mortality,588,1966.291175,High,
589,588,25_75,1_25,"34.6950492552892, -119.660503031263",499.998724,6474.996042,0.598534,Low Mortality,589,1909.780416,High,
590,589,75_100,0,"34.6958318816732, -119.644116451922",1180.000257,36925.00855,0.174076,Complete Mortality,590,2009.805729,High,
591,590,75_100,0,"34.6961837282191, -119.640735256592",889.996843,14875.00777,0.795954,Complete Mortality,591,1979.154634,High,
592,591,1_25,1_25,"34.6958193001774, -119.677779009798",650.001131,13850.0041,0.870551,No Change,592,1937.436373,High,
593,592,75_100,1_25,"34.6982911660842, -119.649282936495",1299.999362,35049.98275,0.611883,High Mortality,593,2012.375598,High,
594,593,75_100,0,"34.698731219743, -119.652106828432",1409.999267,51375.01958,0.322507,Complete Mortality,594,2035.945048,High,
595,594,1_25,1_25,"34.7086623190466, -119.793451283006",629.99963,10674.99076,0.554675,No Change,595,1808.0461,Low,
596,595,1_25,1_25,"34.7104469449306, -119.794062294337",580.001428,6424.997532,0.65993,No Change,596,1816.6514,Moderate,
597,596,25_75,25_75,"34.7109396740977, -119.786328618709",599.999629,9125.001131,0.558396,No Change,597,1787.712124,Low,
598,597,25_75,1_25,"34.7177279626041, -119.801812621376",520.001325,6425.005525,0.598789,Low Mortality,598,1824.040591,High,
599,598,75_100,1_25,"34.6944952663813, -119.638315941408",1340.000764,29250.00911,0.733331,High Mortality,599,1965.265949,High,
600,599,1_25,0,"34.6955959768577, -119.661202681601",353.588128,4119.897933,0.22118,Complete Mortality,600,1903.73167,High,
601,600,75_100,0,"34.6971119876025, -119.643708460459",1080.001752,22275.00885,0.282547,Complete Mortality,601,1978.223501,High,
602,601,75_100,1_25,"34.6970193676194, -119.647659778424",1419.999468,47400.0091,0.984847,High Mortality,602,1998.394957,High,
603,602,25_75,25_75,"34.6976279040367, -119.668307630354",650.000431,9175.007262,0.159724,No Change,603,1844.93666,High,
604,603,75_100,1_25,"34.6985177592103, -119.650531788724",1050.00125,16700.00101,0.447897,High Mortality,604,2020.570497,High,
605,604,75_100,1_25,"34.6989594691947, -119.669784949979",850.00004,20325.00875,0.544333,High Mortality,605,1811.000035,High,
606,605,75_100,75_100,"34.6947050985129, -119.587832866227",580.000028,8875.006908,0.509515,No Change,606,1751.475487,None,
607,606,75_100,75_100,"34.702774123699, -119.603497383028",849.998343,15024.99699,0.467804,No Change,607,1790.232548,None,
608,607,75_100,25_75,"34.7053739292686, -119.599842653682",1300.000165,13650.01605,0.353964,Low Mortality,608,1654.515772,Moderate,
609,608,75_100,1_25,"34.6956704847069, -119.636351803426",529.998825,8925.000704,0.602965,High Mortality,609,1929.981519,High,
610,609,75_100,1_25,"34.6967896101832, -119.641336791197",1349.998865,22425.00114,0.254561,High Mortality,610,1975.879232,High,
611,610,75_100,0,"34.697310634956, -119.644626638735",1090.001552,10149.99734,0.691759,Complete Mortality,611,1997.272797,High,
612,611,75_100,1_25,"34.6981954009678, -119.646214836008",1709.998582,17074.99708,0.227056,High Mortality,612,1934.827389,High,
613,612,25_75,1_25,"34.6983166653006, -119.669248931869",960.000146,17050.0025,0.204547,Low Mortality,613,1827.947733,High,
614,613,75_100,1_25,"34.6991989372214, -119.650480072336",810.000739,8074.995583,0.632819,High Mortality,614,1997.937941,High,
615,614,25_75,0,"34.6988328322894, -119.659020269556",1599.999676,37900.0071,0.421112,Complete Mortality,615,1880.310164,High,
616,615,75_100,0,"34.7077586277987, -119.640220135555",1179.999957,28950.01116,0.404132,Complete Mortality,616,1570.493529,High,
617,616,25_75,1_25,"34.7121925106146, -119.788040199421",1040.00055,28199.97976,0.538679,Low Mortality,617,1786.004524,Low,
618,617,25_75,0,"34.7185286549118, -119.678122519751",1710.002382,18825.00022,0.187379,Complete Mortality,618,1477.394982,High,
619,618,75_100,1_25,"34.7160041077404, -119.805234060601",579.999228,6750.000227,0.617454,High Mortality,619,1882.972319,High,
620,619,75_100,25_75,"34.6933985430353, -119.667104804114",1630.000878,32475.00767,0.65401,Low Mortality,620,1930.415798,Moderate,
621,620,75_100,75_100,"34.6936539823584, -119.669151516965",1100.000152,27450.01069,0.769464,No Change,621,1905.558243,Moderate,
622,621,75_100,25_75,"34.697366504969, -119.642382760037",669.999332,14475.00712,0.628937,Low Mortality,622,1953.42733,Moderate,
623,622,75_100,25_75,"34.702167939428, -119.65450112402",589.998728,13075.00832,0.603075,Low Mortality,623,1934.444627,Moderate,
624,623,75_100,25_75,"34.695514607278, -119.671159304394",2089.9988,52750.00641,0.454545,Low Mortality,624,1885.205089,Moderate,
625,624,75_100,25_75,"34.6984683724303, -119.642936863199",820.000439,18200.00322,0.634987,Low Mortality,625,1918.859778,Moderate,
626,625,25_75,25_75,"34.6947524654712, -119.590642332646",879.999643,15725.00393,0.1298,No Change,626,1784.640555,Low,
627,626,75_100,75_100,"34.7001697909419, -119.598128930008",1290.000164,39750.00978,0.461649,No Change,627,1855.33105,Low,
628,627,75_100,25_75,"34.7028689102856, -119.601060443782",1629.99958,44075.01512,0.38479,Low Mortality,628,1770.612318,Moderate,
629,628,75_100,25_75,"34.7049991313138, -119.599029536288",960.002047,23199.9977,0.04469,Low Mortality,629,1684.357225,Moderate,
630,629,25_75,25_75,"34.6924671141243, -119.59127375799",630.00193,9224.99994,0.902291,No Change,630,1913.994607,Low,
631,630,75_100,75_100,"34.6903012263914, -119.586392229708",630.000531,8850.005024,0.89744,No Change,631,1755.195947,None,
632,631,75_100,75_100,"34.7057212508175, -119.605046630804",1349.998965,23875.00777,0.469759,No Change,632,1707.633734,None,
633,632,25_75,25_75,"34.6917328267495, -119.590630036377",1109.999153,16275.01761,0.382756,No Change,633,1948.925536,Low,
634,633,25_75,25_75,"34.700552595249, -119.59977360314",530.001925,8450.008368,0.994201,No Change,634,1866.377868,Moderate,
635,634,1_25,1_25,"34.7068164128714, -119.792754611866",690.001833,12950.00763,0.92361,No Change,635,1786.449607,Low,
637,636,25_75,25_75,"34.7122349947008, -119.784871137847",570.001327,7075.00609,0.240592,No Change,637,1781.190026,Low,
638,637,25_75,25_75,"34.7171060843501, -119.656217792918",430.985318,8371.416337,0.533711,No Change,638,1526.291427,Low,
639,638,75_100,25_75,"34.7147141369685, -119.802564355271",1550.000074,46900.00818,0.966511,Low Mortality,639,1888.482334,Moderate,
640,639,75_100,75_100,"34.7025586595313, -119.648415772843",769.999837,9525.001668,0.215434,No Change,640,1838.659264,Low,
641,640,25_75,25_75,"34.7060960605139, -119.782390560291",659.999431,10899.99719,0.936353,No Change,641,1739.780754,Low,
642,641,75_100,75_100,"34.6974459738463, -119.637079007649",940.001645,14675.00561,0.567636,No Change,642,1840.436247,Low,
643,642,1_25,1_25,"34.7059768861907, -119.801279621561",599.999529,8524.99831,0.130086,No Change,643,1760.553178,None,
644,643,75_100,25_75,"34.6977601075495, -119.664328076789",1350.000565,28700.00686,0.629847,Low Mortality,644,1809.969451,Moderate,
645,644,25_75,25_75,"34.7062642452109, -119.790582892711",579.998728,11125.00484,0.629209,No Change,645,1733.084047,Low,
646,645,25_75,25_75,"34.7068458108301, -119.64874724781",557.007432,8101.16377,0.978676,No Change,646,1713.395398,None,
647,646,25_75,25_75,"34.7148694708111, -119.647330585019",660.001331,10475.01292,0.02645,No Change,647,1460.029899,None,
648,647,1_25,1_25,"34.7207216398026, -119.791173962003",607.544617,6830.825655,0.243794,No Change,648,1589.756641,None,
649,648,1_25,1_25,"34.7209144355477, -119.788453730492",398.924538,4698.362163,0.272217,No Change,649,1561.452887,None,
650,649,75_100,75_100,"34.711465689283, -119.650139001787",452.243913,6657.221718,0.672921,No Change,650,1635.843304,None,
651,650,25_75,25_75,"34.7145637077358, -119.656628009899",949.998946,21150.00194,0.870382,No Change,651,1576.276748,Low,
652,651,75_100,25_75,"34.7108822316595, -119.796696743198",2390.004514,55100.03002,0.340757,Low Mortality,652,1801.556218,Moderate,
653,652,25_75,25_75,"34.7165740390428, -119.655366001908",679.999432,9574.999796,0.522769,No Change,653,1492.180432,Low,
654,653,75_100,1_25,"34.7145374161054, -119.794185332793",566.542292,10256.63277,0.645987,High Mortality,654,1704.981064,High,
655,654,25_75,1_25,"34.6957910281213, -119.660331076003",490.000123,6950.003917,0.589267,Low Mortality,655,1895.348724,Moderate,
656,655,75_100,25_75,"34.6967229688569, -119.63351652057",1200.000657,32575.00647,0.815013,Low Mortality,656,1870.208221,Moderate,
657,656,75_100,25_75,"34.707468726039, -119.789050830014",1109.998253,24875.0106,0.244305,Low Mortality,657,1748.593034,Moderate,
658,657,25_75,25_75,"34.698760083878, -119.676618783721",910.000344,24625.00879,0.799433,No Change,658,1884.149473,Low,
659,658,75_100,75_100,"34.711975989333, -119.797537902488",810.001639,17550.00082,0.543912,No Change,659,1832.154798,Low,
660,659,25_75,25_75,"34.7120074007557, -119.79207053756",990.000647,19300.00718,0.225813,No Change,660,1787.345468,Low,
661,660,75_100,75_100,"34.7139333414643, -119.799426793597",629.276622,9256.743382,0.95865,No Change,661,1835.855941,Low,
662,661,25_75,1_25,"34.7175651442991, -119.803990462831",758.199523,7005.863752,0.540531,Low Mortality,662,1833.682111,High,
663,662,1_25,1_25,"34.7190933143339, -119.810160453325",890.000242,17224.99682,0.173327,No Change,663,1927.555048,None,
664,663,25_75,25_75,"34.7084029728393, -119.649055576371",690.000133,13850.00158,0.558132,No Change,664,1686.935821,Moderate,
665,664,75_100,25_75,"34.7133688432452, -119.650528150688",1357.582534,19320.55451,0.373221,Low Mortality,665,1605.445643,Moderate,
666,665,25_75,25_75,"34.7127746624266, -119.795529672103",565.739319,13052.26591,0.14024,No Change,666,1757.585747,Moderate,
667,666,25_75,25_75,"34.7137327103354, -119.797602941577",460.000122,4950.004766,0.47767,No Change,667,1780.491394,Low,
668,667,75_100,25_75,"34.7150155642759, -119.793342752709",749.999336,10975.00342,0.766451,Low Mortality,668,1687.740459,Low,
669,668,75_100,75_100,"34.7148186311841, -119.799512078716",650.000231,11375.00103,0.430492,No Change,669,1826.118424,None,
670,669,25_75,25_75,"34.7183012633684, -119.789605146311",869.997541,15850.00279,0.254233,No Change,670,1661.377629,None,
671,670,75_100,75_100,"34.7126104201623, -119.7979830177",720.000634,7950.00317,0.066323,No Change,671,1821.146162,None,
672,671,25_75,25_75,"34.7468046278367, -119.663954571693",540.001326,8349.997547,0.178691,No Change,672,1258.220263,None,
673,672,25_75,25_75,"34.7018970793355, -119.663637003684",740.000235,13524.99723,0.345539,No Change,673,1734.072539,Low,
674,673,75_100,75_100,"34.7077041504432, -119.791814199365",969.998346,10825.00043,0.900886,No Change,674,1747.539179,None,
675,674,75_100,75_100,"34.7108692483501, -119.641783029979",979.999847,23050.00476,0.452242,No Change,675,1549.428943,Low,
676,675,1_25,1_25,"34.7042288687242, -119.638801715895",1030.001249,33400.01281,0.275293,No Change,676,1668.57154,Low,
677,676,75_100,25_75,"34.7056500265468, -119.635873667634",810.000239,15374.99996,0.491196,Low Mortality,677,1616.369577,Low,
678,677,75_100,75_100,"34.7070884904618, -119.65365342814",960.000346,22974.98326,0.588392,No Change,678,1805.224028,Low,
679,678,25_75,25_75,"34.712780219703, -119.664850943745",584.61209,7055.973579,0.18482,No Change,679,1428.509532,None,
680,679,75_100,75_100,"34.7157707702763, -119.792447409123",619.99923,11650.00662,0.130294,No Change,680,1652.19081,None,
681,680,25_75,25_75,"34.7423292394593, -119.652272431334",1059.999551,25475.00017,0.29918,No Change,681,1619.613516,None,
682,681,1_25,1_25,"34.7194967278373, -119.79731450321",695.552351,6506.964938,0.533418,No Change,682,1713.852268,None,
683,682,75_100,75_100,"34.7458594206161, -119.659866153525",830.001141,13075.01068,0.459739,No Change,683,1319.193114,None,
684,683,75_100,75_100,"34.7030113035621, -119.643380493428",475.691294,8520.138976,0.414198,No Change,684,1702.818922,Low,
685,684,75_100,75_100,"34.7067094969444, -119.647844556309",894.06456,18908.0344,0.363232,No Change,685,1671.114768,Low,
686,685,25_75,25_75,"34.710362059139, -119.6641320034",1314.158698,41594.62017,0.831622,No Change,686,1504.446176,None,
687,686,25_75,25_75,"34.7139014855049, -119.6475671855",1220.003759,19799.99954,0.859666,No Change,687,1474.646383,None,
688,687,25_75,25_75,"34.7137487653114, -119.652241796166",2229.999806,75800.02908,0.024531,No Change,688,1578.525419,Low,
689,688,25_75,25_75,"34.7167250675061, -119.786583927724",1230.000259,35500.0007,0.009658,No Change,689,1733.099299,None,
690,689,75_100,25_75,"34.7195855829823, -119.790721839681",2127.642945,63739.88977,0.09579,Low Mortality,690,1596.936274,None,
691,690,1_25,1_25,"34.7027367500132, -119.642234658231",589.999328,8100.009011,0.664697,No Change,691,1735.233956,None,
692,691,25_75,25_75,"34.7037066266389, -119.634966987953",710.002134,10625.00145,0.16829,No Change,692,1654.622581,None,
693,692,25_75,25_75,"34.7057323867965, -119.641824781466",1510.001572,18499.99041,0.271741,No Change,693,1627.312499,None,
694,693,25_75,25_75,"34.7149248617869, -119.661590164406",3116.22455,85728.8924,0.361693,No Change,694,1384.826988,None,
695,694,1_25,1_25,"34.7208540553871, -119.789937750872",477.317239,7324.578707,0.378384,No Change,695,1561.308138,None,
696,695,25_75,25_75,"34.7451511964019, -119.65940814312",475.433518,8564.916938,0.753138,No Change,696,1392.958573,None,
698,697,25_75,25_75,"34.7071050689747, -119.680073630973",870.000841,8799.994836,0.97442,No Change,698,1748.098834,None,
699,698,25_75,25_75,"34.7171255652987, -119.792740606788",1309.998562,27175.01405,0.129884,No Change,699,1643.307891,None,
700,699,25_75,25_75,"34.6984097899763, -119.635506938399",1510.000172,43175.01078,0.73435,No Change,700,1821.652694,Moderate,
701,700,25_75,25_75,"34.7059140835324, -119.652698558665",599.999029,13400.00339,0.15282,No Change,701,1840.729127,Low,
702,701,25_75,25_75,"34.7049940197664, -119.782226958314",1059.99995,14524.99845,0.240975,No Change,702,1730.365845,None,
703,702,75_100,25_75,"34.6995606398394, -119.645830685685",1129.998754,25325.01244,0.485237,Low Mortality,703,1887.374003,Moderate,
704,703,75_100,25_75,"34.7169757113526, -119.806099288189",910.000843,15000.01017,0.507754,Low Mortality,704,1862.766614,Moderate,
705,704,75_100,75_100,"34.7176224064546, -119.810845317412",649.999831,15649.99763,0.033498,No Change,705,1952.190849,Low,
706,705,75_100,1_25,"34.6987201164194, -119.645992607776",599.998429,10325.0017,0.125679,High Mortality,706,1921.357611,High,
707,706,75_100,25_75,"34.7163290794843, -119.805936801115",600.001229,9325.003734,0.273825,Low Mortality,707,1900.622792,Moderate,
708,707,75_100,25_75,"34.7165937468971, -119.803484477848",1310.001362,38200.00992,0.60974,Low Mortality,708,1864.253949,Moderate,
709,708,25_75,25_75,"34.6988650382501, -119.661540298964",370.611062,5623.151521,0.462936,No Change,709,1826.839363,Moderate,
710,709,25_75,25_75,"34.7075341773871, -119.787318506965",570.001627,7725.00524,0.321414,No Change,710,1793.207437,None,
711,710,75_100,75_100,"34.7093495176732, -119.80161171986",859.999941,17600.01392,0.744305,No Change,711,1846.224161,None,
712,711,75_100,75_100,"34.7080144592395, -119.609149392333",1099.999253,10750.00447,0.205335,No Change,712,1687.119011,None,
713,712,75_100,75_100,"34.7014243500843, -119.597788395628",390.00032,4800.004205,0.083269,No Change,713,1754.876478,None,
714,713,25_75,25_75,"34.7065907065038, -119.603884909702",380.000518,6249.994842,0.051992,No Change,714,1659.440484,Low,
715,714,1_25,1_25,"34.7084821556714, -119.613612399965",1100.001055,34475.00758,0.701985,No Change,715,1759.33841,None,
716,715,75_100,75_100,"34.6984660410086, -119.591667156069",799.999938,15650.0103,0.524436,No Change,716,1711.667099,None,
717,716,75_100,75_100,"34.7077520373784, -119.608112736255",929.998645,20125.00191,0.065573,No Change,717,1660.101583,None,
718,717,25_75,25_75,"34.7022943668461, -119.597358528416",1089.999553,20225.00574,0.728851,No Change,718,1712.909985,None,
719,718,75_100,75_100,"34.6962771708381, -119.620500136424",1870.000589,22549.99004,0.369332,No Change,719,1593.966578,None,
720,719,75_100,75_100,"34.6997241091748, -119.622449761205",1139.999555,28500.01416,0.828018,No Change,720,1611.917462,None,
721,720,25_75,25_75,"34.7091254655713, -119.618344156424",840.000441,17800.01644,0.527981,No Change,721,1843.421569,None,
722,721,75_100,75_100,"34.6976054651094, -119.619634868673",780.001639,15350.00903,0.599333,No Change,722,1547.418012,None,
723,722,25_75,25_75,"34.7050095519327, -119.591562611641",684.332051,9407.062845,0.603219,No Change,723,1635.570244,None,
724,723,25_75,25_75,"34.7099163333216, -119.618187797729",1240.000561,15449.9936,0.246731,No Change,724,1725.881426,None,
725,724,75_100,75_100,"34.7337003107778, -119.611512985285",1219.998659,11925.00065,0.285374,No Change,725,1430.592607,None,
727,726,1_25,1_25,"34.7065774593183, -119.597696126646",830.00214,18600.0044,0.676856,No Change,727,1631.882368,None,
728,727,25_75,25_75,"34.7167541516222, -119.613558944382",840.00034,11100.00949,0.988363,No Change,728,1546.828702,None,
729,728,75_100,75_100,"34.708581139617, -119.611800088909",609.999829,14250.00554,0.162156,No Change,729,1708.070908,None,
730,729,75_100,75_100,"34.7134053413057, -119.618379696157",440.000821,4475.003992,0.581388,No Change,730,1625.004248,None,
731,730,25_75,25_75,"34.7037874065657, -119.581778195537",1009.997848,13174.99575,0.239769,No Change,731,1501.183934,Low,
732,731,25_75,25_75,"34.7029104520349, -119.581394284938",759.998636,13099.99349,0.867975,No Change,732,1517.401788,None,
733,732,25_75,25_75,"34.7068448250838, -119.591101374176",1529.997673,20575.01177,0.633693,No Change,733,1586.955475,None,
734,733,1_25,1_25,"34.7070041324639, -119.596318716968",1159.999955,15249.99788,0.781147,No Change,734,1609.397795,None,
735,734,1_25,1_25,"34.7087913205129, -119.601102435478",1129.999354,24425.00902,0.735572,No Change,735,1567.424787,None,
736,735,25_75,25_75,"34.7112144452102, -119.605167298985",699.999733,11875.00619,0.025033,No Change,736,1514.281019,None,
737,736,1_25,1_25,"34.7099305325751, -119.599644180994",1459.99717,15500.00423,0.539572,No Change,737,1484.553181,None,
738,737,1_25,1_25,"34.7100495834628, -119.610932659263",749.997238,10750.00081,0.721676,No Change,738,1636.177963,None,
739,738,25_75,25_75,"34.7097531739663, -119.601617207864",1099.999052,17224.99914,0.541248,No Change,739,1511.928129,None,
740,739,25_75,25_75,"34.7129115654384, -119.603572013278",2129.999402,37924.99235,0.71176,No Change,740,1489.793209,None,
741,740,1_25,1_25,"34.7142012026972, -119.618049999595",800.001039,10500.00438,0.456755,No Change,741,1624.247824,None,
743,742,75_100,75_100,"34.7023966842947, -119.598383370115",520.000725,7350.005266,0.425322,No Change,743,1708.347095,None,
744,743,25_75,25_75,"34.7011605070138, -119.640669397595",1399.998767,36425.01513,0.26516,No Change,744,1775.605177,Low,
745,744,1_25,1_25,"34.7186848408663, -119.61285551121",810.00074,9375.003139,0.18747,No Change,745,1494.305219,None,
746,745,75_100,75_100,"34.707519979471, -119.608854224289",769.999537,13174.99312,0.115513,No Change,746,1684.959313,None,
747,746,25_75,25_75,"34.7112490395474, -119.617363103934",1449.999174,27500.01105,0.395025,No Change,747,1711.909955,None,
748,747,25_75,25_75,"34.7154249084306, -119.612997463679",670.000834,4450.003056,0.979776,No Change,748,1552.92164,None,
749,748,25_75,25_75,"34.716663966791, -119.616708437111",720.000436,6350.004971,0.325442,No Change,749,1561.897926,None,
750,749,25_75,25_75,"34.7094490113671, -119.606321568448",870.000441,15425.01446,0.336953,No Change,750,1583.111769,None,
751,750,25_75,25_75,"34.7100522331789, -119.609035944944",1040.000251,19375.00942,0.390023,No Change,751,1595.206431,None,
752,751,75_100,75_100,"34.70916778828, -119.607081386418",920.000844,23250.01564,0.478844,No Change,752,1588.829683,None,
753,752,25_75,25_75,"34.709337366089, -119.605708967961",990.001847,16324.9958,0.572163,No Change,753,1583.258656,Low,
754,753,75_100,75_100,"34.7043497159066, -119.605797907474",830.000941,15024.99543,0.086904,No Change,754,1809.991324,Low,
755,754,75_100,75_100,"34.703189243923, -119.606105216726",1750.000685,34825.01593,0.923614,No Change,755,1853.584432,Low,
756,755,25_75,25_75,"34.7073161916253, -119.611943069231",700.000133,16774.99466,0.910962,No Change,756,1794.748354,Low,14325166.1
